"Date","Price","Open","High","Low","Vol.","Change %"
"12/31/2020","162.85","163.75","164.15","162.06","59.14M","-0.88%"
"12/30/2020","164.29","167.05","167.10","164.12","64.19M","-1.09%"
"12/29/2020","166.10","165.50","167.53","164.06","97.46M","1.16%"
"12/28/2020","164.20","159.70","165.20","158.63","113.74M","3.51%"
"12/24/2020","158.63","159.70","160.10","158.45","29.04M","-0.39%"
"12/23/2020","159.26","160.25","160.51","159.21","41.88M","-0.66%"
"12/22/2020","160.33","160.14","161.10","159.00","47.64M","0.01%"
"12/21/2020","160.31","160.00","161.35","158.30","76.74M","0.14%"
"12/18/2020","160.08","162.20","162.47","158.58","119.91M","-1.06%"
"12/17/2020","161.80","162.50","163.18","161.05","69.49M","-0.15%"
"12/16/2020","162.05","158.80","162.35","158.18","88.55M","2.40%"
"12/15/2020","158.26","159.05","159.42","156.52","66.47M","0.26%"
"12/14/2020","157.85","157.15","159.52","156.30","83.12M","1.30%"
"12/11/2020","155.82","154.83","155.93","153.64","61.29M","0.48%"
"12/10/2020","155.07","154.45","157.10","153.80","60.60M","-0.09%"
"12/09/2020","155.21","158.39","158.72","154.40","82.02M","-2.30%"
"12/08/2020","158.86","157.95","159.21","156.00","65.73M","0.61%"
"12/07/2020","157.90","157.82","159.04","157.08","55.03M","-0.14%"
"12/04/2020","158.13","159.91","159.91","157.94","58.27M","-0.76%"
"12/03/2020","159.34","160.27","161.43","159.07","57.84M","-0.52%"
"12/02/2020","160.18","161.08","161.60","158.66","62.59M","-0.51%"
"12/01/2020","161.00","159.43","162.45","157.86","90.89M","1.64%"
"11/30/2020","158.40","160.42","161.42","156.28","81.28M","-0.85%"
"11/27/2020","159.77","160.56","160.81","159.50","47.86M","0.32%"
"11/25/2020","159.25","157.09","159.90","157.01","75.81M","2.15%"
"11/24/2020","155.90","155.02","156.71","154.31","72.04M","0.63%"
"11/23/2020","154.92","155.83","156.99","153.27","94.18M","-0.03%"
"11/20/2020","154.97","155.85","156.64","154.90","67.60M","-0.57%"
"11/19/2020","155.85","155.27","156.25","154.05","60.21M","0.37%"
"11/18/2020","155.27","156.70","157.00","155.26","58.34M","-0.96%"
"11/17/2020","156.78","159.18","159.46","156.76","68.89M","0.15%"
"11/16/2020","156.55","154.66","157.13","153.63","76.17M","0.07%"
"11/13/2020","156.44","156.10","157.09","154.27","75.25M","0.60%"
"11/12/2020","155.51","158.00","158.79","154.30","87.42M","-0.86%"
"11/11/2020","156.87","153.09","156.96","152.50","87.34M","3.37%"
"11/10/2020","151.75","154.75","155.70","150.97","131.82M","-3.46%"
"11/09/2020","157.19","161.55","164.45","155.61","143.81M","-5.06%"
"11/06/2020","165.57","165.23","166.10","161.60","92.95M","-0.32%"
"11/05/2020","166.10","166.00","168.34","164.44","115.79M","2.49%"
"11/04/2020","162.06","158.00","162.24","156.99","136.78M","6.32%"
"11/03/2020","152.42","150.93","153.74","149.05","97.96M","1.46%"
"11/02/2020","150.22","153.09","153.99","147.51","145.15M","-1.04%"
"10/30/2020","151.81","157.89","158.35","150.95","167.92M","-5.45%"
"10/29/2020","160.55","160.06","162.86","158.20","131.93M","1.52%"
"10/28/2020","158.14","162.46","163.20","158.12","111.77M","-3.76%"
"10/27/2020","164.32","161.25","164.58","160.57","85.82M","2.47%"
"10/26/2020","160.35","159.94","164.15","157.66","118.02M","0.08%"
"10/23/2020","160.22","159.55","160.27","157.00","69.33M","0.88%"
"10/22/2020","158.82","159.49","159.94","156.10","84.24M","-0.27%"
"10/21/2020","159.25","160.63","161.69","158.00","91.85M","-1.00%"
"10/20/2020","160.85","161.11","163.30","159.60","90.19M","0.31%"
"10/19/2020","160.36","164.98","166.45","159.64","104.47M","-2.00%"
"10/16/2020","163.64","168.16","169.98","158.00","129.49M","-1.98%"
"10/15/2020","166.93","164.60","167.79","164.00","104.47M","-0.75%"
"10/14/2020","168.19","172.35","173.24","167.00","116.58M","-2.32%"
"10/13/2020","172.18","173.40","174.62","171.21","114.89M","0.02%"
"10/12/2020","172.15","167.50","174.81","166.98","167.28M","4.75%"
"10/09/2020","164.33","160.50","164.45","159.89","98.16M","3.01%"
"10/08/2020","159.53","161.25","161.66","158.75","63.48M","-0.16%"
"10/07/2020","159.78","156.75","160.00","156.62","86.19M","3.09%"
"10/06/2020","155.00","158.25","159.10","154.50","101.74M","-3.10%"
"10/05/2020","159.96","157.29","160.13","157.04","75.51M","2.37%"
"10/02/2020","156.25","157.68","159.79","156.15","112.26M","-2.99%"
"10/01/2020","161.06","160.40","161.20","158.60","99.44M","2.30%"
"09/30/2020","157.44","157.06","160.64","156.70","97.92M","0.12%"
"09/29/2020","157.24","158.77","159.41","156.63","70.07M","-0.92%"
"09/28/2020","158.70","157.44","158.75","155.86","84.48M","2.55%"
"09/25/2020","154.76","152.74","155.08","149.95","92.30M","2.49%"
"09/24/2020","150.99","148.89","153.46","148.25","110.59M","0.66%"
"09/23/2020","149.99","156.02","156.35","149.62","113.05M","-4.13%"
"09/22/2020","156.45","151.69","156.70","150.01","138.98M","5.69%"
"09/21/2020","148.02","145.32","148.10","143.55","122.36M","0.19%"
"09/18/2020","147.75","151.59","151.89","145.28","177.85M","-1.79%"
"09/17/2020","150.44","150.46","151.47","148.63","128.98M","-2.25%"
"09/16/2020","153.90","159.00","159.36","153.71","90.62M","-2.47%"
"09/15/2020","157.81","156.81","158.75","155.45","80.43M","1.71%"
"09/14/2020","155.15","158.65","159.37","154.80","90.59M","-0.43%"
"09/11/2020","155.81","160.43","160.87","154.20","101.88M","-1.85%"
"09/10/2020","158.76","165.36","167.49","158.53","106.61M","-2.86%"
"09/09/2020","163.43","160.15","165.16","159.25","103.77M","3.77%"
"09/08/2020","157.49","157.20","162.54","156.50","121.88M","-4.39%"
"09/04/2020","164.73","165.90","169.07","155.56","175.64M","-2.18%"
"09/03/2020","168.40","174.25","174.42","165.15","163.22M","-4.63%"
"09/02/2020","176.57","177.35","177.61","174.33","78.63M","0.92%"
"09/01/2020","174.96","174.48","175.69","173.35","69.53M","1.40%"
"08/31/2020","172.55","170.45","174.75","170.25","83.72M","1.45%"
"08/28/2020","170.09","171.15","171.67","169.32","57.94M","0.05%"
"08/27/2020","170.00","172.50","172.65","168.90","85.30M","-1.22%"
"08/26/2020","172.09","167.56","172.59","167.23","130.17M","2.85%"
"08/25/2020","167.32","164.75","167.87","163.35","79.86M","1.18%"
"08/24/2020","165.37","165.51","169.02","162.88","93.33M","0.69%"
"08/21/2020","164.24","164.75","165.72","163.77","71.52M","-0.38%"
"08/20/2020","164.87","162.60","165.63","161.90","66.65M","1.13%"
"08/19/2020","163.02","165.15","165.79","162.80","83.70M","-1.57%"
"08/18/2020","165.62","160.60","166.00","160.29","106.92M","4.09%"
"08/17/2020","159.12","158.66","159.75","157.71","53.82M","1.09%"
"08/14/2020","157.40","158.91","158.91","156.00","55.03M","-0.41%"
"08/13/2020","158.05","159.15","160.88","157.75","62.98M","-0.04%"
"08/12/2020","158.11","155.40","158.72","155.07","70.54M","2.65%"
"08/11/2020","154.03","155.66","157.96","153.65","74.36M","-2.15%"
"08/10/2020","157.41","158.52","158.63","155.08","63.35M","-0.61%"
"08/07/2020","158.37","161.20","162.04","157.03","78.72M","-1.79%"
"08/06/2020","161.25","159.72","162.37","158.27","78.81M","0.62%"
"08/05/2020","160.25","157.19","160.68","156.37","78.60M","2.11%"
"08/04/2020","156.94","155.06","158.36","155.06","93.89M","0.87%"
"08/03/2020","155.59","159.03","159.20","155.20","101.49M","-1.67%"
"07/31/2020","158.23","162.20","162.34","157.55","161.67M","3.70%"
"07/30/2020","152.59","150.70","154.60","150.25","122.57M","0.60%"
"07/29/2020","151.68","151.55","151.96","149.84","59.48M","1.11%"
"07/28/2020","150.02","152.71","153.85","149.79","62.53M","-1.79%"
"07/27/2020","152.76","153.10","154.90","150.79","83.41M","1.54%"
"07/24/2020","150.45","146.50","151.58","144.40","112.65M","0.75%"
"07/23/2020","149.33","154.91","154.91","148.50","113.14M","-3.66%"
"07/22/2020","155.00","156.25","157.50","153.26","82.08M","-1.22%"
"07/21/2020","156.91","161.62","162.03","155.29","122.70M","-1.83%"
"07/20/2020","159.84","150.01","160.07","149.70","151.96M","7.93%"
"07/17/2020","148.10","150.45","151.20","147.42","95.23M","-1.27%"
"07/16/2020","150.00","148.55","151.60","145.91","127.88M","-0.29%"
"07/15/2020","150.44","154.01","154.92","148.66","115.78M","-2.44%"
"07/14/2020","154.20","154.45","156.37","147.50","144.64M","-0.64%"
"07/13/2020","155.20","162.55","167.21","153.42","154.41M","-3.00%"
"07/10/2020","160.00","159.59","160.75","156.78","109.72M","0.55%"
"07/09/2020","159.13","155.80","159.69","153.70","127.77M","3.29%"
"07/08/2020","154.06","151.13","154.20","150.62","100.75M","2.70%"
"07/07/2020","150.01","152.93","153.48","149.50","105.15M","-1.86%"
"07/06/2020","152.85","146.75","152.99","146.50","137.61M","5.77%"
"07/02/2020","144.51","145.60","147.78","143.56","131.87M","0.40%"
"07/01/2020","143.94","137.90","144.75","137.70","127.27M","4.35%"
"06/30/2020","137.94","134.25","138.48","133.75","75.39M","2.92%"
"06/29/2020","134.02","134.50","134.84","131.50","84.47M","-0.46%"
"06/26/2020","134.64","138.75","139.13","134.40","130.02M","-2.24%"
"06/25/2020","137.73","136.98","137.81","135.61","59.37M","0.74%"
"06/24/2020","136.72","139.00","139.80","136.05","90.53M","-1.09%"
"06/23/2020","138.22","136.30","139.16","135.90","84.63M","1.86%"
"06/22/2020","135.69","134.22","135.75","133.45","64.18M","1.45%"
"06/19/2020","133.75","133.90","134.87","132.95","115.54M","0.79%"
"06/18/2020","132.70","132.35","132.98","131.81","49.76M","0.49%"
"06/17/2020","132.05","132.38","132.75","131.59","59.19M","0.99%"
"06/16/2020","130.76","131.00","131.00","128.80","71.91M","1.66%"
"06/15/2020","128.63","126.33","129.20","125.40","77.47M","1.08%"
"06/12/2020","127.25","130.06","131.07","125.17","108.72M","-0.51%"
"06/11/2020","127.90","130.18","133.57","126.81","116.00M","-3.38%"
"06/10/2020","132.37","132.25","136.12","131.31","98.92M","1.79%"
"06/09/2020","130.04","126.47","131.32","126.25","103.52M","3.04%"
"06/08/2020","126.20","125.01","126.50","124.37","79.41M","1.65%"
"06/05/2020","124.15","122.23","124.43","121.86","66.13M","0.91%"
"06/04/2020","123.03","123.87","125.38","122.50","58.97M","-0.72%"
"06/03/2020","123.92","123.40","124.40","123.06","53.42M","0.24%"
"06/02/2020","123.62","123.35","123.68","122.27","50.60M","0.06%"
"06/01/2020","123.55","122.40","123.85","122.21","58.76M","1.17%"
"05/29/2020","122.12","120.80","122.12","119.91","70.59M","1.72%"
"05/28/2020","120.06","119.22","121.85","118.91","63.86M","-0.38%"
"05/27/2020","120.52","120.25","120.68","116.50","101.14M","-0.47%"
"05/26/2020","121.09","122.90","123.10","120.70","71.36M","-0.62%"
"05/22/2020","121.84","122.75","123.49","121.51","57.34M","-0.41%"
"05/21/2020","122.34","125.00","126.27","122.13","102.29M","-2.05%"
"05/20/2020","124.90","123.89","125.00","123.36","79.96M","1.98%"
"05/19/2020","122.47","121.49","124.25","121.45","86.41M","0.96%"
"05/18/2020","121.31","120.22","121.65","119.20","87.33M","0.68%"
"05/15/2020","120.49","118.43","120.55","117.82","84.70M","0.88%"
"05/14/2020","119.44","118.05","119.57","117.66","72.96M","0.88%"
"05/13/2020","118.40","118.34","120.39","116.89","95.66M","0.47%"
"05/12/2020","117.85","120.59","120.95","117.75","61.50M","-2.16%"
"05/11/2020","120.45","118.73","120.98","118.61","65.18M","1.24%"
"05/08/2020","118.98","118.61","119.36","117.85","64.22M","0.51%"
"05/07/2020","118.38","118.74","118.80","117.16","67.93M","0.70%"
"05/06/2020","117.56","116.47","117.87","116.00","62.36M","1.44%"
"05/05/2020","115.89","117.00","117.55","115.36","64.85M","0.08%"
"05/04/2020","115.80","112.82","116.35","112.82","97.32M","1.31%"
"05/01/2020","114.30","116.84","118.12","112.91","195.45M","-7.60%"
"04/30/2020","123.70","120.99","123.75","119.80","190.69M","4.27%"
"04/29/2020","118.64","116.50","119.59","115.50","91.83M","2.54%"
"04/28/2020","115.70","118.61","118.67","115.30","105.39M","-2.61%"
"04/27/2020","118.80","122.16","122.24","118.15","112.91M","-1.42%"
"04/24/2020","120.51","120.85","121.02","119.10","76.64M","0.45%"
"04/23/2020","119.97","120.00","121.21","119.10","101.33M","1.52%"
"04/22/2020","118.17","118.45","119.70","117.55","84.37M","1.51%"
"04/21/2020","116.41","120.83","121.42","113.98","149.53M","-2.73%"
"04/20/2020","119.68","119.50","122.25","119.30","115.41M","0.78%"
"04/17/2020","118.75","118.62","120.00","115.80","158.60M","-1.38%"
"04/16/2020","120.41","117.30","123.05","116.75","240.76M","4.36%"
"04/15/2020","115.38","112.88","116.67","112.25","137.33M","1.06%"
"04/14/2020","114.17","110.02","114.60","109.31","161.74M","5.28%"
"04/13/2020","108.44","102.00","109.00","101.90","134.33M","6.17%"
"04/09/2020","102.14","102.22","102.65","100.88","93.11M","-0.01%"
"04/08/2020","102.15","101.05","102.20","100.56","79.55M","1.56%"
"04/07/2020","100.58","100.86","101.79","99.88","102.28M","0.70%"
"04/06/2020","99.88","96.80","99.93","96.50","115.46M","4.77%"
"04/03/2020","95.33","95.56","96.32","94.46","72.20M","-0.64%"
"04/02/2020","95.94","95.08","96.38","94.50","86.72M","0.58%"
"04/01/2020","95.39","96.65","97.25","94.65","82.44M","-2.15%"
"03/31/2020","97.49","98.22","99.65","97.20","102.47M","-0.72%"
"03/30/2020","98.20","96.14","98.68","95.62","122.52M","3.37%"
"03/27/2020","95.00","96.54","96.99","95.00","107.76M","-2.83%"
"03/26/2020","97.77","95.10","97.82","94.46","124.70M","3.69%"
"03/25/2020","94.29","96.03","97.51","94.29","129.58M","-2.79%"
"03/24/2020","97.00","97.57","97.75","95.02","142.94M","1.96%"
"03/23/2020","95.14","91.39","95.97","90.60","156.17M","3.08%"
"03/20/2020","92.30","96.32","97.85","91.04","196.36M","-1.86%"
"03/19/2020","94.05","93.00","97.25","91.63","208.00M","2.79%"
"03/18/2020","91.50","87.50","92.08","87.25","192.90M","1.23%"
"03/17/2020","90.39","88.77","92.89","84.46","218.34M","7.02%"
"03/16/2020","84.46","82.08","87.97","81.30","178.35M","-5.37%"
"03/13/2020","89.25","87.75","89.32","84.03","176.19M","6.47%"
"03/12/2020","83.83","86.10","88.25","83.75","226.92M","-7.92%"
"03/11/2020","91.04","92.89","93.57","90.08","112.94M","-3.75%"
"03/10/2020","94.59","93.54","94.71","90.91","142.67M","5.06%"
"03/09/2020","90.03","88.69","93.14","88.06","156.26M","-5.28%"
"03/06/2020","95.05","93.75","95.54","93.47","105.47M","-1.20%"
"03/05/2020","96.20","96.65","98.04","95.50","94.96M","-2.62%"
"03/04/2020","98.79","97.33","98.90","96.10","95.46M","3.50%"
"03/03/2020","95.45","98.77","99.82","94.40","150.69M","-2.30%"
"03/02/2020","97.70","95.32","97.73","93.50","135.23M","3.73%"
"02/28/2020","94.19","90.73","94.49","90.56","189.88M","-0.03%"
"02/27/2020","94.22","96.72","98.75","94.14","162.88M","-4.81%"
"02/26/2020","98.98","98.51","100.73","98.02","104.81M","0.34%"
"02/25/2020","98.64","101.32","101.73","97.92","124.38M","-1.81%"
"02/24/2020","100.46","100.16","101.96","99.40","130.94M","-4.14%"
"02/21/2020","104.80","107.11","107.23","104.40","93.01M","-2.66%"
"02/20/2020","107.66","108.65","108.84","106.37","62.63M","-0.78%"
"02/19/2020","108.51","108.39","109.25","108.06","51.22M","0.68%"
"02/18/2020","107.78","106.25","108.30","106.21","59.02M","0.97%"
"02/14/2020","106.74","107.78","107.95","106.29","52.12M","-0.70%"
"02/13/2020","107.49","107.25","108.51","107.10","60.64M","-0.47%"
"02/12/2020","108.00","108.16","109.01","107.76","66.69M","0.43%"
"02/11/2020","107.54","107.55","109.30","106.80","114.92M","0.79%"
"02/10/2020","106.70","104.25","106.78","104.25","101.12M","2.64%"
"02/07/2020","103.96","102.10","104.93","101.91","101.91M","1.41%"
"02/06/2020","102.51","102.05","102.81","101.24","63.66M","0.51%"
"02/05/2020","101.99","103.55","103.55","101.60","87.52M","-0.48%"
"02/04/2020","102.48","101.49","102.99","100.77","105.79M","2.27%"
"02/03/2020","100.21","100.53","102.42","100.01","117.98M","-0.23%"
"01/31/2020","100.44","102.57","102.79","100.11","311.35M","7.39%"
"01/30/2020","93.53","92.90","93.64","92.53","126.55M","0.68%"
"01/29/2020","92.90","93.20","93.74","92.75","42.03M","0.26%"
"01/28/2020","92.66","92.03","92.91","91.50","56.16M","1.36%"
"01/27/2020","91.42","91.00","92.05","90.77","70.57M","-1.78%"
"01/24/2020","93.08","94.57","94.75","92.37","75.32M","-1.22%"
"01/23/2020","94.23","94.26","94.50","93.64","49.69M","-0.15%"
"01/22/2020","94.37","94.80","95.12","94.17","64.33M","-0.24%"
"01/21/2020","94.60","93.25","94.71","93.00","74.16M","1.46%"
"01/17/2020","93.24","94.29","94.33","92.86","79.95M","-0.70%"
"01/16/2020","93.90","94.15","94.28","93.30","53.19M","0.86%"
"01/15/2020","93.10","93.61","93.94","92.75","57.93M","-0.40%"
"01/14/2020","93.47","94.29","94.36","92.93","68.93M","-1.15%"
"01/13/2020","94.56","94.57","94.90","94.04","55.72M","0.42%"
"01/10/2020","94.16","95.27","95.35","94.00","57.14M","-0.94%"
"01/09/2020","95.05","95.49","95.89","94.79","63.50M","0.48%"
"01/08/2020","94.60","94.90","95.55","94.32","70.24M","-0.78%"
"01/07/2020","95.34","95.22","95.69","94.60","82.68M","0.21%"
"01/06/2020","95.14","93.00","95.18","93.00","81.31M","1.48%"
"01/03/2020","93.75","93.22","94.31","93.22","75.33M","-1.21%"
"01/02/2020","94.90","93.75","94.90","93.21","80.72M","2.72%"
"12/31/2019","92.39","92.10","92.66","91.61","50.21M","0.05%"
"12/30/2019","92.34","93.70","94.20","92.03","73.55M","-1.23%"
"12/27/2019","93.49","94.15","95.07","93.30","123.78M","0.05%"
"12/26/2019","93.44","90.05","93.52","89.97","120.49M","4.45%"
"12/24/2019","89.46","89.69","89.78","89.38","17.63M","-0.21%"
"12/23/2019","89.65","89.41","89.65","89.23","42.75M","0.36%"
"12/20/2019","89.33","89.98","90.15","89.12","103.05M","-0.31%"
"12/19/2019","89.61","89.03","89.65","88.70","54.77M","0.46%"
"12/18/2019","89.20","89.75","89.91","89.12","67.08M","-0.37%"
"12/17/2019","89.53","88.90","89.60","88.87","72.93M","1.21%"
"12/16/2019","88.46","88.35","88.47","87.85","62.99M","0.47%"
"12/13/2019","88.05","88.25","88.45","87.75","54.96M","0.03%"
"12/12/2019","88.02","87.50","88.20","87.27","62.08M","0.66%"
"12/11/2019","87.44","87.08","87.50","86.79","42.03M","0.55%"
"12/10/2019","86.96","87.37","87.53","86.75","50.31M","-0.59%"
"12/09/2019","87.48","87.53","88.34","87.28","50.05M","-0.11%"
"12/06/2019","87.58","87.56","87.72","87.01","62.40M","0.64%"
"12/05/2019","87.02","88.17","88.17","87.00","56.56M","-1.15%"
"12/04/2019","88.03","88.70","89.45","88.01","53.61M","-0.53%"
"12/03/2019","88.50","88.00","88.64","87.36","70.59M","-0.65%"
"12/02/2019","89.08","90.22","90.28","88.13","78.64M","-1.07%"
"11/29/2019","90.04","90.89","91.23","90.04","38.47M","-0.98%"
"11/27/2019","90.93","90.05","91.22","89.87","60.72M","1.20%"
"11/26/2019","89.85","89.00","89.85","88.92","63.81M","1.31%"
"11/25/2019","88.69","87.66","88.87","87.66","69.79M","1.60%"
"11/22/2019","87.29","86.95","87.32","86.55","49.58M","0.63%"
"11/21/2019","86.74","87.15","87.34","86.52","53.26M","-0.62%"
"11/20/2019","87.28","87.46","88.13","86.71","55.88M","-0.41%"
"11/19/2019","87.64","87.85","88.03","87.15","45.49M","0.01%"
"11/18/2019","87.63","86.92","87.69","86.14","56.84M","0.76%"
"11/15/2019","86.97","88.00","88.08","86.64","78.62M","-0.87%"
"11/14/2019","87.73","87.57","88.33","87.48","45.39M","0.08%"
"11/13/2019","87.66","88.67","88.75","87.37","58.54M","-1.39%"
"11/12/2019","88.90","88.73","89.31","88.60","40.78M","0.36%"
"11/11/2019","88.58","88.90","89.00","88.36","38.96M","-0.80%"
"11/08/2019","89.29","89.39","89.49","88.70","42.52M","-0.13%"
"11/07/2019","89.41","90.19","90.30","89.17","53.02M","-0.42%"
"11/06/2019","89.79","90.05","90.12","89.43","40.60M","-0.33%"
"11/05/2019","90.09","90.46","90.51","89.70","37.71M","-0.16%"
"11/04/2019","90.23","90.05","90.75","90.05","55.44M","0.74%"
"11/01/2019","89.57","89.40","89.87","89.26","55.81M","0.83%"
"10/31/2019","88.83","88.80","89.60","88.57","55.62M","-0.19%"
"10/30/2019","89.00","88.01","89.12","87.96","48.99M","0.98%"
"10/29/2019","88.14","88.74","88.85","87.79","45.54M","-0.80%"
"10/28/2019","88.85","87.40","88.94","87.12","74.18M","0.89%"
"10/25/2019","88.07","84.88","88.21","84.75","192.53M","-1.09%"
"10/24/2019","89.04","88.55","89.42","88.01","104.09M","1.06%"
"10/23/2019","88.11","88.06","88.50","87.10","43.81M","-0.20%"
"10/22/2019","88.29","89.41","89.49","88.10","44.69M","-1.11%"
"10/21/2019","89.28","88.48","89.29","88.25","44.50M","1.59%"
"10/18/2019","87.88","89.39","89.70","87.46","67.32M","-1.67%"
"10/17/2019","89.37","89.82","89.94","89.10","54.28M","0.56%"
"10/16/2019","88.87","88.67","89.31","88.53","56.08M","0.57%"
"10/15/2019","88.37","87.11","88.82","87.03","62.58M","1.79%"
"10/14/2019","86.82","86.45","87.09","86.10","38.58M","0.25%"
"10/11/2019","86.60","87.15","87.27","86.49","65.59M","0.69%"
"10/10/2019","86.01","86.26","86.91","85.69","54.43M","-0.10%"
"10/09/2019","86.10","85.98","86.50","85.72","41.79M","0.96%"
"10/08/2019","85.28","86.12","86.35","85.25","52.54M","-1.56%"
"10/07/2019","86.63","86.58","87.39","86.19","43.75M","-0.40%"
"10/04/2019","86.98","86.30","87.03","85.96","49.79M","0.88%"
"10/03/2019","86.22","85.65","86.25","84.25","72.49M","0.65%"
"10/02/2019","85.66","86.39","86.44","85.25","66.77M","-1.29%"
"10/01/2019","86.78","87.30","87.78","86.42","63.41M","-0.02%"
"09/30/2019","86.80","86.35","86.87","85.46","55.22M","0.61%"
"09/27/2019","86.27","87.40","87.46","85.69","78.96M","-0.83%"
"09/26/2019","86.99","88.14","88.17","86.58","71.44M","-1.62%"
"09/25/2019","88.42","87.37","88.65","86.15","70.62M","1.54%"
"09/24/2019","87.08","89.53","89.79","86.78","92.76M","-2.45%"
"09/23/2019","89.27","88.85","89.64","88.37","62.78M","-0.49%"
"09/20/2019","89.71","91.09","91.53","89.05","111.12M","-1.50%"
"09/19/2019","91.08","91.05","91.63","90.89","41.57M","0.23%"
"09/18/2019","90.87","90.85","91.10","89.78","50.72M","-0.29%"
"09/17/2019","91.13","90.35","91.20","90.20","40.66M","0.82%"
"09/16/2019","90.39","91.20","91.28","90.01","73.51M","-1.72%"
"09/13/2019","91.97","92.10","92.31","91.76","39.43M","-0.23%"
"09/12/2019","92.18","91.88","92.68","91.71","56.47M","1.13%"
"09/11/2019","91.15","90.61","91.67","90.45","48.66M","0.13%"
"09/10/2019","91.03","91.14","91.29","90.27","52.28M","-0.59%"
"09/09/2019","91.57","92.05","92.50","91.23","59.99M","-0.12%"
"09/06/2019","91.68","91.91","92.03","91.32","49.94M","-0.39%"
"09/05/2019","92.04","91.10","92.10","90.78","66.50M","2.23%"
"09/04/2019","90.03","90.25","90.38","89.81","46.52M","0.60%"
"09/03/2019","89.49","88.50","90.04","88.40","70.94M","0.77%"
"08/30/2019","88.81","89.87","89.99","88.23","61.28M","-0.57%"
"08/29/2019","89.32","89.15","89.93","88.86","60.36M","1.26%"
"08/28/2019","88.21","87.75","88.39","87.20","48.44M","0.14%"
"08/27/2019","88.09","88.79","88.97","87.33","60.54M","-0.40%"
"08/26/2019","88.44","88.35","88.50","87.18","61.71M","1.10%"
"08/23/2019","87.48","89.65","90.24","87.26","105.56M","-3.10%"
"08/22/2019","90.28","91.40","91.47","90.00","53.17M","-0.99%"
"08/21/2019","91.18","90.97","91.48","90.75","40.78M","1.23%"
"08/20/2019","90.07","90.72","90.84","89.99","38.66M","-0.81%"
"08/19/2019","90.81","90.90","91.30","90.63","56.41M","1.32%"
"08/16/2019","89.63","89.64","90.15","89.23","61.08M","0.92%"
"08/15/2019","88.81","89.10","89.40","88.10","76.20M","0.75%"
"08/14/2019","88.15","89.65","89.78","87.86","97.87M","-3.37%"
"08/13/2019","91.22","89.15","91.59","89.00","81.50M","2.21%"
"08/12/2019","89.25","89.80","90.05","88.85","58.11M","-1.25%"
"08/09/2019","90.38","91.45","91.55","90.11","57.60M","-1.37%"
"08/08/2019","91.64","90.30","91.71","89.91","74.02M","2.20%"
"08/07/2019","89.67","88.70","89.95","87.85","90.54M","0.31%"
"08/06/2019","89.39","89.61","89.69","87.67","101.41M","1.28%"
"08/05/2019","88.26","88.51","89.43","87.44","121.16M","-3.18%"
"08/02/2019","91.16","92.25","92.32","90.40","99.12M","-1.74%"
"08/01/2019","92.77","93.59","94.90","92.20","94.27M","-0.61%"
"07/31/2019","93.34","94.91","94.98","92.47","89.41M","-1.67%"
"07/30/2019","94.93","94.56","95.49","94.17","58.22M","-0.72%"
"07/29/2019","95.62","96.50","96.61","94.53","89.86M","-1.57%"
"07/26/2019","97.15","97.10","97.54","96.23","98.54M","-1.56%"
"07/25/2019","98.69","100.05","100.06","98.64","82.73M","-1.35%"
"07/24/2019","100.04","98.47","100.06","98.29","52.63M","0.32%"
"07/23/2019","99.72","99.80","99.89","98.66","54.07M","0.44%"
"07/22/2019","99.28","98.56","99.45","97.91","58.16M","1.07%"
"07/19/2019","98.23","99.56","99.80","98.11","63.71M","-0.67%"
"07/18/2019","98.89","99.00","99.38","97.58","70.09M","-0.71%"
"07/17/2019","99.60","100.35","100.60","99.60","51.18M","-0.90%"
"07/16/2019","100.50","100.53","101.32","100.06","52.36M","-0.54%"
"07/15/2019","101.05","101.07","101.14","100.08","59.63M","0.50%"
"07/12/2019","100.55","100.41","100.85","100.19","50.19M","0.50%"
"07/11/2019","100.05","101.28","101.79","99.77","86.36M","-0.81%"
"07/10/2019","100.87","99.83","101.25","99.77","98.64M","1.46%"
"07/09/2019","99.42","97.39","99.50","97.17","86.91M","1.84%"
"07/08/2019","97.62","96.71","97.80","96.41","57.67M","0.48%"
"07/05/2019","97.15","96.43","97.30","96.27","52.57M","0.21%"
"07/03/2019","96.95","96.79","97.08","96.53","33.81M","0.24%"
"07/02/2019","96.72","95.97","96.74","95.33","53.03M","0.63%"
"07/01/2019","96.11","96.15","96.49","95.73","64.07M","1.51%"
"06/28/2019","94.68","95.45","95.65","94.20","60.75M","-0.56%"
"06/27/2019","95.21","95.10","95.56","94.90","42.83M","0.34%"
"06/26/2019","94.89","94.62","95.19","94.37","48.84M","1.04%"
"06/25/2019","93.91","95.59","95.82","93.62","60.25M","-1.86%"
"06/24/2019","95.69","95.63","95.84","95.06","45.66M","0.14%"
"06/21/2019","95.56","95.81","96.30","95.38","78.67M","-0.36%"
"06/20/2019","95.91","96.67","96.76","95.29","64.34M","0.49%"
"06/19/2019","95.44","95.39","95.98","94.62","57.91M","0.39%"
"06/18/2019","95.07","95.07","96.08","94.99","77.91M","0.82%"
"06/17/2019","94.30","93.83","94.78","93.77","52.69M","0.88%"
"06/14/2019","93.48","93.20","93.80","92.95","57.02M","-0.04%"
"06/13/2019","93.52","93.34","94.15","93.11","55.92M","0.81%"
"06/12/2019","92.77","92.70","93.25","92.22","53.57M","-0.45%"
"06/11/2019","93.19","94.16","94.69","92.90","80.85M","0.17%"
"06/10/2019","93.03","91.10","94.24","90.90","107.42M","3.14%"
"06/07/2019","90.20","88.19","90.31","87.97","96.16M","2.83%"
"06/06/2019","87.72","86.89","88.00","86.31","73.79M","0.92%"
"06/05/2019","86.92","87.48","87.60","85.76","84.80M","0.51%"
"06/04/2019","86.48","84.96","86.54","84.04","113.58M","2.19%"
"06/03/2019","84.63","88.00","88.31","83.60","181.97M","-4.64%"
"05/31/2019","88.75","89.50","89.78","88.64","92.38M","-2.28%"
"05/30/2019","90.82","91.27","91.47","90.39","62.94M","-0.15%"
"05/29/2019","90.96","91.16","91.50","90.38","85.58M","-0.94%"
"05/28/2019","91.82","91.64","92.46","91.37","64.00M","0.72%"
"05/24/2019","91.16","91.79","92.09","90.89","67.39M","0.43%"
"05/23/2019","90.77","91.83","92.20","90.21","88.49M","-2.38%"
"05/22/2019","92.98","92.59","93.57","92.55","58.73M","0.11%"
"05/21/2019","92.88","93.74","93.95","92.30","80.10M","-0.08%"
"05/20/2019","92.95","92.63","93.39","91.78","75.96M","-0.54%"
"05/17/2019","93.45","94.65","95.53","93.37","94.73M","-2.02%"
"05/16/2019","95.38","94.30","95.88","94.11","94.16M","1.95%"
"05/15/2019","93.56","91.40","93.72","91.15","93.85M","1.68%"
"05/14/2019","92.01","91.97","92.62","90.79","92.58M","0.97%"
"05/13/2019","91.13","91.83","92.33","90.90","115.67M","-3.57%"
"05/10/2019","94.50","94.90","95.19","92.80","114.36M","-0.52%"
"05/09/2019","94.99","95.00","95.47","93.80","106.17M","-0.94%"
"05/08/2019","95.89","95.94","96.77","95.50","81.57M","-0.17%"
"05/07/2019","96.05","97.00","97.46","95.17","118.04M","-1.52%"
"05/06/2019","97.53","95.90","97.95","95.53","108.36M","-0.60%"
"05/03/2019","98.12","97.45","98.22","96.80","127.63M","3.24%"
"05/02/2019","95.04","95.67","96.08","94.09","79.26M","-0.56%"
"05/01/2019","95.58","96.65","97.18","95.53","62.34M","-0.78%"
"04/30/2019","96.33","96.50","96.79","95.35","70.12M","-0.61%"
"04/29/2019","96.92","97.45","97.82","96.70","80.43M","-0.63%"
"04/26/2019","97.53","96.45","97.55","94.90","168.65M","2.54%"
"04/25/2019","95.11","95.85","96.12","95.02","121.98M","0.02%"
"04/24/2019","95.09","96.25","96.48","94.91","73.52M","-1.14%"
"04/23/2019","96.19","94.56","96.46","94.48","92.81M","1.93%"
"04/22/2019","94.37","92.77","94.42","92.28","67.48M","1.39%"
"04/18/2019","93.08","93.44","93.54","92.97","55.00M","-0.17%"
"04/17/2019","93.24","93.65","93.82","93.02","57.87M","0.10%"
"04/16/2019","93.15","92.57","93.49","92.40","60.89M","0.99%"
"04/15/2019","92.24","92.10","92.34","90.94","74.49M","0.10%"
"04/12/2019","92.15","92.42","92.58","92.06","62.29M","-0.05%"
"04/11/2019","92.20","92.44","92.50","92.02","53.10M","-0.18%"
"04/10/2019","92.37","92.05","92.40","91.44","59.28M","0.63%"
"04/09/2019","91.79","92.27","92.65","91.59","74.29M","-0.76%"
"04/08/2019","92.49","91.66","92.51","91.26","75.06M","0.69%"
"04/05/2019","91.86","91.45","91.93","91.26","72.81M","1.01%"
"04/04/2019","90.94","91.03","91.44","90.21","72.48M","-0.10%"
"04/03/2019","91.03","91.34","91.50","90.48","79.61M","0.36%"
"04/02/2019","90.70","90.55","91.00","90.26","68.96M","-0.01%"
"04/01/2019","90.71","90.01","90.78","89.94","84.78M","1.88%"
"03/29/2019","89.04","89.33","89.64","88.83","66.42M","0.42%"
"03/28/2019","88.67","88.50","88.90","87.67","60.86M","0.44%"
"03/27/2019","88.28","89.21","89.38","87.28","86.50M","-1.02%"
"03/26/2019","89.19","89.65","90.29","88.67","97.32M","0.54%"
"03/25/2019","88.71","87.89","89.13","87.38","102.08M","0.53%"
"03/22/2019","88.24","90.51","90.95","88.16","127.26M","-2.99%"
"03/21/2019","90.96","89.81","91.19","89.36","115.36M","1.22%"
"03/20/2019","89.86","88.50","89.97","88.35","125.31M","2.01%"
"03/19/2019","88.09","87.68","89.21","87.68","127.28M","1.13%"
"03/18/2019","87.11","85.64","87.50","85.63","108.58M","1.74%"
"03/15/2019","85.62","85.15","85.94","84.66","151.02M","1.55%"
"03/14/2019","84.31","84.56","85.10","84.22","58.93M","-0.27%"
"03/13/2019","84.54","84.15","85.00","83.97","71.04M","1.05%"
"03/12/2019","83.66","83.45","84.21","83.05","72.29M","0.16%"
"03/11/2019","83.53","81.31","83.61","81.30","77.53M","3.07%"
"03/08/2019","81.04","80.20","81.14","79.33","93.34M","-0.32%"
"03/07/2019","81.30","83.37","83.49","81.03","99.14M","-2.58%"
"03/06/2019","83.45","84.80","84.89","83.41","79.92M","-1.38%"
"03/05/2019","84.62","85.15","85.39","84.45","73.63M","-0.22%"
"03/04/2019","84.81","84.25","85.47","83.72","123.35M","1.46%"
"03/01/2019","83.59","82.76","83.71","82.55","99.50M","1.95%"
"02/28/2019","81.99","81.76","82.59","81.69","60.52M","-0.07%"
"02/27/2019","82.05","81.41","82.09","80.75","62.98M","0.28%"
"02/26/2019","81.82","81.30","82.00","80.81","53.32M","0.21%"
"02/25/2019","81.65","82.07","82.73","81.52","63.69M","0.09%"
"02/22/2019","81.58","81.17","81.75","81.06","61.92M","0.75%"
"02/21/2019","80.97","80.99","81.18","80.05","69.67M","-0.17%"
"02/20/2019","81.11","81.50","81.75","80.51","66.75M","-0.33%"
"02/19/2019","81.38","80.05","81.70","80.03","73.63M","1.22%"
"02/15/2019","80.40","81.39","81.45","80.22","86.88M","-0.90%"
"02/14/2019","81.13","81.22","81.89","80.30","82.41M","-1.06%"
"02/13/2019","82.00","82.35","82.82","81.86","71.21M","0.12%"
"02/12/2019","81.90","80.20","81.97","79.94","97.17M","2.95%"
"02/11/2019","79.55","80.05","80.46","79.30","66.35M","0.18%"
"02/08/2019","79.41","79.30","79.43","78.34","113.15M","-1.62%"
"02/07/2019","80.72","81.25","81.28","79.65","92.53M","-1.57%"
"02/06/2019","82.01","83.54","83.61","81.67","78.80M","-1.12%"
"02/05/2019","82.94","82.17","83.26","82.12","89.06M","1.56%"
"02/04/2019","81.67","81.15","82.48","80.67","98.58M","0.44%"
"02/01/2019","81.31","81.94","83.65","81.10","230.12M","-5.39%"
"01/31/2019","85.94","84.64","86.82","83.95","218.21M","2.90%"
"01/30/2019","83.52","81.15","83.85","80.98","115.68M","4.81%"
"01/29/2019","79.69","81.56","81.62","79.54","92.66M","-2.69%"
"01/28/2019","81.89","82.18","82.25","80.70","96.75M","-1.96%"
"01/25/2019","83.53","83.53","84.17","83.08","99.19M","0.94%"
"01/24/2019","82.75","82.05","82.86","81.59","81.80M","0.91%"
"01/23/2019","82.00","82.80","82.87","80.60","104.50M","0.48%"
"01/22/2019","81.61","84.05","84.09","80.51","128.34M","-3.77%"
"01/18/2019","84.81","85.60","85.81","84.58","120.41M","0.18%"
"01/17/2019","84.66","84.00","85.01","83.88","84.18M","0.56%"
"01/16/2019","84.19","84.21","85.25","83.79","127.34M","0.55%"
"01/15/2019","83.73","81.60","83.76","81.30","119.97M","3.55%"
"01/14/2019","80.86","80.75","82.41","79.76","120.12M","-1.43%"
"01/11/2019","82.03","82.03","83.01","81.81","93.72M","-0.94%"
"01/10/2019","82.81","82.05","83.16","81.08","130.15M","-0.19%"
"01/09/2019","82.97","82.65","83.39","82.07","126.98M","0.17%"
"01/08/2019","82.83","83.23","83.83","80.83","177.63M","1.66%"
"01/07/2019","81.48","80.12","81.73","79.46","159.86M","3.44%"
"01/04/2019","78.77","76.50","79.70","75.92","183.65M","5.01%"
"01/03/2019","75.01","76.00","76.90","74.86","139.51M","-2.53%"
"01/02/2019","76.96","73.26","77.67","73.05","159.66M","2.48%"
"12/31/2018","75.10","75.54","76.04","74.35","139.09M","1.62%"
"12/28/2018","73.90","73.67","75.67","72.45","176.58M","1.12%"
"12/27/2018","73.08","72.71","73.45","69.52","194.44M","-0.64%"
"12/26/2018","73.55","68.44","73.66","68.15","208.24M","9.45%"
"12/24/2018","67.20","67.30","69.80","65.35","144.40M","-2.42%"
"12/21/2018","68.87","73.25","74.00","68.20","272.81M","-5.71%"
"12/20/2018","73.04","74.20","75.47","71.63","199.84M","-2.29%"
"12/19/2018","74.75","77.15","79.23","74.16","175.84M","-3.64%"
"12/18/2018","77.57","77.00","78.38","76.15","130.46M","2.00%"
"12/17/2018","76.05","78.30","78.81","75.25","176.60M","-4.46%"
"12/14/2018","79.60","81.90","82.13","79.25","127.34M","-4.00%"
"12/13/2018","82.92","84.00","84.61","82.08","105.42M","-0.31%"
"12/12/2018","83.18","83.45","85.25","83.01","131.96M","1.24%"
"12/11/2018","82.16","83.90","83.97","80.98","124.89M","0.13%"
"12/10/2018","82.05","81.19","82.90","79.54","149.90M","0.72%"
"12/07/2018","81.46","85.25","85.95","81.27","151.52M","-4.12%"
"12/06/2018","84.96","80.74","85.05","80.49","175.79M","1.85%"
"12/04/2018","83.42","87.80","88.52","83.25","173.89M","-5.87%"
"12/03/2018","88.62","88.47","88.92","86.50","137.24M","4.86%"
"11/30/2018","84.51","83.97","84.80","83.33","115.24M","0.99%"
"11/29/2018","83.68","83.75","84.50","82.62","132.26M","-0.25%"
"11/28/2018","83.89","80.70","84.07","80.06","169.17M","6.10%"
"11/27/2018","79.07","78.80","79.88","77.90","115.66M","0.00%"
"11/26/2018","79.07","76.95","79.24","76.21","125.15M","5.29%"
"11/23/2018","75.10","75.85","76.81","75.09","54.15M","-0.98%"
"11/21/2018","75.84","77.15","77.50","75.75","114.34M","1.43%"
"11/20/2018","74.77","71.88","76.74","71.00","217.58M","-1.11%"
"11/19/2018","75.61","78.85","79.06","75.17","155.80M","-5.10%"
"11/16/2018","79.67","79.38","80.72","78.66","121.32M","-1.61%"
"11/15/2018","80.97","79.05","81.24","77.33","168.55M","1.28%"
"11/14/2018","79.95","82.82","83.65","79.85","129.74M","-1.97%"
"11/13/2018","81.56","82.46","83.85","80.69","118.67M","-0.34%"
"11/12/2018","81.84","84.91","85.43","81.50","136.12M","-4.41%"
"11/09/2018","85.62","86.62","87.20","85.09","118.04M","-2.43%"
"11/08/2018","87.75","87.75","89.20","86.26","130.70M","-0.02%"
"11/07/2018","87.77","83.65","87.96","83.20","163.84M","6.85%"
"11/06/2018","82.14","80.92","83.25","80.73","85.15M","0.92%"
"11/05/2018","81.39","82.88","82.90","79.82","112.49M","-2.27%"
"11/02/2018","83.28","83.93","84.87","82.59","139.11M","0.00%"
"11/01/2018","83.28","81.18","83.52","79.92","162.71M","4.23%"
"10/31/2018","79.90","78.50","81.20","78.25","187.80M","4.42%"
"10/30/2018","76.52","74.31","77.05","73.82","249.20M","-0.55%"
"10/29/2018","76.94","83.00","83.29","74.75","277.32M","-6.33%"
"10/26/2018","82.14","82.48","84.92","80.15","299.28M","-7.82%"
"10/25/2018","89.11","85.17","89.74","84.60","205.71M","7.09%"
"10/24/2018","83.21","88.69","88.89","82.83","138.57M","-5.91%"
"10/23/2018","88.44","87.11","88.82","85.70","134.48M","-1.15%"
"10/22/2018","89.47","89.20","90.47","87.80","90.00M","1.44%"
"10/19/2018","88.20","89.26","90.45","87.65","118.14M","-0.38%"
"10/18/2018","88.54","91.07","91.51","88.39","117.48M","-3.33%"
"10/17/2018","91.59","92.14","92.25","90.35","105.90M","0.65%"
"10/16/2018","91.00","89.17","91.19","88.08","117.20M","3.35%"
"10/15/2018","88.05","89.75","89.75","86.71","128.74M","-1.54%"
"10/12/2018","89.43","90.40","90.45","87.13","188.89M","4.02%"
"10/11/2018","85.97","86.20","87.77","84.25","278.72M","-2.04%"
"10/10/2018","87.76","92.89","92.93","87.72","219.78M","-6.16%"
"10/09/2018","93.52","93.00","94.83","92.62","95.46M","0.32%"
"10/08/2018","93.22","93.70","95.10","91.53","147.86M","-1.33%"
"10/05/2018","94.48","95.90","96.45","93.14","136.45M","-1.04%"
"10/04/2018","95.47","97.45","97.80","94.83","145.14M","-2.22%"
"10/03/2018","97.64","99.08","99.48","97.49","105.06M","-0.94%"
"10/02/2018","98.57","100.00","100.67","98.29","108.01M","-1.65%"
"10/01/2018","100.22","101.10","101.66","100.18","69.37M","0.07%"
"09/28/2018","100.15","100.22","101.33","99.82","81.70M","-0.50%"
"09/27/2018","100.65","99.66","100.81","99.43","86.59M","1.93%"
"09/26/2018","98.74","98.42","99.76","98.08","86.27M","0.01%"
"09/25/2018","98.73","97.14","98.80","96.94","90.77M","2.08%"
"09/24/2018","96.72","95.19","96.84","93.25","84.27M","1.01%"
"09/21/2018","95.75","97.71","97.87","95.53","137.12M","-1.51%"
"09/20/2018","97.22","96.93","97.75","96.61","63.10M","0.93%"
"09/19/2018","96.32","97.03","97.04","95.25","81.14M","-0.75%"
"09/18/2018","97.05","95.93","97.91","95.77","85.37M","1.73%"
"09/17/2018","95.40","97.74","97.84","94.37","141.00M","-3.16%"
"09/14/2018","98.51","99.65","99.68","97.96","72.84M","-0.99%"
"09/13/2018","99.49","100.00","100.44","99.10","72.43M","-0.01%"
"09/12/2018","99.50","99.70","100.00","98.12","88.28M","0.14%"
"09/11/2018","99.36","96.41","99.44","95.85","100.67M","2.49%"
"09/10/2018","96.95","98.55","98.65","96.58","90.90M","-0.67%"
"09/07/2018","97.60","96.94","98.76","96.87","97.85M","-0.33%"
"09/06/2018","97.92","100.33","100.38","96.76","149.77M","-1.82%"
"09/05/2018","99.74","101.91","102.02","99.49","164.41M","-2.20%"
"09/04/2018","101.98","101.33","102.53","100.65","114.42M","1.33%"
"08/31/2018","100.64","100.35","101.12","100.24","84.09M","0.52%"
"08/30/2018","100.12","99.87","101.28","99.34","145.55M","0.21%"
"08/29/2018","99.91","97.67","99.93","97.45","130.64M","3.38%"
"08/28/2018","96.64","96.89","97.09","96.44","62.01M","0.27%"
"08/27/2018","96.38","95.75","96.39","95.46","71.38M","1.17%"
"08/24/2018","95.27","95.53","95.80","95.13","56.02M","0.14%"
"08/23/2018","95.14","95.36","95.97","95.04","71.26M","-0.12%"
"08/22/2018","95.25","93.83","95.29","93.83","61.61M","1.15%"
"08/21/2018","94.17","94.00","94.89","93.72","62.11M","0.35%"
"08/20/2018","93.84","94.53","94.59","93.30","57.24M","-0.29%"
"08/17/2018","94.11","94.29","94.40","92.78","82.09M","-0.23%"
"08/16/2018","94.33","95.20","95.25","94.18","79.14M","0.21%"
"08/15/2018","94.13","95.48","95.81","93.49","154.01M","-1.93%"
"08/14/2018","95.98","95.97","96.05","95.00","79.72M","1.23%"
"08/13/2018","94.81","94.92","96.25","94.68","110.63M","0.53%"
"08/10/2018","94.31","94.43","94.97","93.91","72.80M","-0.65%"
"08/09/2018","94.93","94.10","95.73","93.87","97.21M","0.64%"
"08/08/2018","94.33","93.05","94.58","92.72","79.26M","1.30%"
"08/07/2018","93.12","92.73","93.49","92.31","67.55M","0.79%"
"08/06/2018","92.39","91.29","92.39","90.95","67.84M","1.35%"
"08/03/2018","91.16","91.89","92.05","91.08","69.21M","-0.61%"
"08/02/2018","91.72","89.44","91.83","89.30","87.09M","2.07%"
"08/01/2018","89.86","89.20","89.92","88.80","83.06M","1.11%"
"07/31/2018","88.87","89.32","90.09","86.97","114.77M","-0.10%"
"07/30/2018","88.96","91.37","91.47","88.30","131.25M","-2.09%"
"07/27/2018","90.86","93.80","94.00","90.33","193.62M","0.51%"
"07/26/2018","90.40","91.95","92.23","90.22","198.49M","-2.98%"
"07/25/2018","93.18","91.47","93.19","91.13","76.73M","1.88%"
"07/24/2018","91.46","91.45","92.00","90.47","85.57M","1.51%"
"07/23/2018","90.10","90.61","90.95","88.50","77.77M","-0.65%"
"07/20/2018","90.69","91.25","91.74","90.50","77.83M","0.04%"
"07/19/2018","90.65","91.47","92.05","90.56","93.54M","-1.63%"
"07/18/2018","92.15","92.40","92.94","91.56","97.24M","-0.05%"
"07/17/2018","92.20","90.58","92.58","89.87","113.66M","1.19%"
"07/16/2018","91.12","91.10","92.10","90.72","109.32M","0.52%"
"07/13/2018","90.65","90.20","90.77","89.76","87.73M","0.91%"
"07/12/2018","89.83","88.23","89.90","88.11","90.65M","2.37%"
"07/11/2018","87.75","86.90","87.85","86.70","64.20M","0.69%"
"07/10/2018","87.15","86.93","87.50","86.55","60.06M","0.23%"
"07/09/2018","86.95","86.20","86.98","85.81","60.24M","1.66%"
"07/06/2018","85.53","84.80","85.76","84.58","53.01M","0.64%"
"07/05/2018","84.99","85.27","85.53","84.11","59.66M","0.34%"
"07/03/2018","84.70","86.20","86.25","84.62","43.55M","-1.16%"
"07/02/2018","85.69","84.14","85.69","83.90","63.71M","0.82%"
"06/29/2018","84.99","85.85","86.17","84.72","90.87M","-0.09%"
"06/28/2018","85.07","83.63","85.28","83.06","90.59M","2.46%"
"06/27/2018","83.03","85.41","85.60","83.00","97.44M","-1.80%"
"06/26/2018","84.55","83.62","85.08","83.17","87.73M","1.67%"
"06/25/2018","83.16","85.13","85.25","82.32","150.22M","-3.05%"
"06/22/2018","85.78","87.13","87.15","85.59","81.50M","-0.84%"
"06/21/2018","86.51","88.00","88.16","85.88","98.82M","-1.13%"
"06/20/2018","87.50","87.12","88.15","87.07","86.65M","0.88%"
"06/19/2018","86.74","85.45","86.81","85.02","85.80M","0.64%"
"06/18/2018","86.19","85.31","86.34","85.13","62.15M","0.45%"
"06/15/2018","85.80","85.70","86.04","85.43","95.55M","-0.45%"
"06/14/2018","86.19","85.67","86.24","85.44","63.49M","1.11%"
"06/13/2018","85.24","85.14","85.69","85.01","66.55M","0.35%"
"06/12/2018","84.94","84.65","84.98","84.58","45.18M","0.57%"
"06/11/2018","84.46","84.08","84.71","84.03","46.71M","0.31%"
"06/08/2018","84.20","84.06","84.47","83.65","59.10M","-0.32%"
"06/07/2018","84.47","84.93","85.00","83.81","75.31M","-0.38%"
"06/06/2018","84.79","85.23","85.72","84.32","109.46M","-0.04%"
"06/05/2018","84.82","83.65","84.95","83.50","95.64M","1.87%"
"06/04/2018","83.26","82.44","83.28","82.27","63.75M","1.44%"
"06/01/2018","82.08","81.85","82.34","81.75","66.27M","0.74%"
"05/31/2018","81.48","81.15","81.75","81.07","63.33M","0.30%"
"05/30/2018","81.24","80.91","81.30","80.65","58.15M","0.74%"
"05/29/2018","80.64","80.04","81.09","80.01","76.93M","0.16%"
"05/25/2018","80.51","80.15","80.71","80.02","53.97M","0.45%"
"05/24/2018","80.15","79.90","80.41","79.42","68.60M","0.07%"
"05/23/2018","80.09","78.55","80.09","78.32","67.24M","1.29%"
"05/22/2018","79.07","79.49","79.49","78.76","42.31M","-0.25%"
"05/21/2018","79.27","79.25","79.60","78.75","58.50M","0.70%"
"05/18/2018","78.72","79.07","79.18","78.61","52.85M","-0.47%"
"05/17/2018","79.09","79.03","79.70","78.65","42.95M","-0.34%"
"05/16/2018","79.36","78.88","79.72","78.83","51.41M","0.70%"
"05/15/2018","78.81","79.39","79.39","78.26","101.55M","-1.59%"
"05/14/2018","80.08","80.20","80.56","80.00","50.19M","-0.09%"
"05/11/2018","80.15","80.55","80.56","79.89","45.28M","-0.37%"
"05/10/2018","80.45","80.42","80.78","80.17","56.35M","0.06%"
"05/09/2018","80.40","80.00","80.40","79.60","72.75M","0.98%"
"05/08/2018","79.62","79.75","79.84","79.13","61.36M","-0.49%"
"05/07/2018","80.01","79.47","80.35","79.39","76.04M","1.21%"
"05/04/2018","79.05","78.12","79.25","78.11","68.87M","0.57%"
"05/03/2018","78.60","78.00","78.74","77.30","85.04M","0.15%"
"05/02/2018","78.48","79.05","79.42","78.32","87.21M","-0.80%"
"05/01/2018","79.11","78.16","79.25","77.61","91.44M","1.02%"
"04/30/2018","78.31","79.12","79.80","78.05","109.28M","-0.41%"
"04/27/2018","78.63","81.70","81.91","78.37","261.06M","3.60%"
"04/26/2018","75.90","74.25","76.47","73.92","176.02M","3.96%"
"04/25/2018","73.01","72.90","73.50","70.75","131.75M","0.01%"
"04/24/2018","73.00","76.79","76.97","72.42","149.89M","-3.81%"
"04/23/2018","75.89","77.33","77.40","75.17","89.31M","-0.63%"
"04/20/2018","76.37","78.06","78.06","75.80","110.83M","-1.90%"
"04/19/2018","77.85","77.16","78.43","76.95","130.47M","1.91%"
"04/18/2018","76.39","75.73","76.69","75.21","104.55M","1.60%"
"04/17/2018","75.19","73.11","75.36","72.85","102.29M","4.31%"
"04/16/2018","72.08","72.25","72.35","71.37","56.17M","0.75%"
"04/13/2018","71.54","72.46","72.99","71.23","73.71M","-1.22%"
"04/12/2018","72.42","71.97","72.61","71.75","62.70M","1.50%"
"04/11/2018","71.35","71.97","72.44","71.24","71.65M","-0.64%"
"04/10/2018","71.81","71.60","71.92","70.78","85.60M","2.15%"
"04/09/2018","70.30","71.25","71.92","70.13","84.16M","0.06%"
"04/06/2018","70.26","71.50","72.63","70.01","117.65M","-3.21%"
"04/05/2018","72.59","72.10","72.98","71.35","128.27M","2.92%"
"04/04/2018","70.53","67.91","70.77","67.64","139.65M","1.34%"
"04/03/2018","69.60","69.57","70.70","67.77","204.62M","1.46%"
"04/02/2018","68.60","70.88","71.07","67.75","209.27M","-5.21%"
"03/29/2018","72.37","70.30","72.77","68.26","251.62M","1.12%"
"03/28/2018","71.57","72.35","72.80","69.31","274.11M","-4.38%"
"03/27/2018","74.85","78.62","78.80","74.12","139.99M","-3.78%"
"03/26/2018","77.79","76.50","77.85","74.96","112.49M","4.03%"
"03/23/2018","74.78","76.95","77.45","74.77","160.12M","-3.20%"
"03/22/2018","77.25","78.27","78.69","77.12","126.41M","-2.33%"
"03/21/2018","79.09","79.32","79.50","78.16","95.02M","-0.30%"
"03/20/2018","79.33","77.52","79.35","77.27","91.63M","2.69%"
"03/19/2018","77.25","77.73","78.08","76.27","131.62M","-1.69%"
"03/16/2018","78.58","79.17","79.47","78.38","108.50M","-0.68%"
"03/15/2018","79.12","79.75","79.85","78.91","81.39M","-0.54%"
"03/14/2018","79.55","79.85","80.32","79.54","85.19M","0.18%"
"03/13/2018","79.41","80.80","80.88","78.90","130.64M","-0.64%"
"03/12/2018","79.92","79.63","80.27","79.33","103.48M","1.24%"
"03/09/2018","78.94","78.17","78.95","77.95","90.69M","1.74%"
"03/08/2018","77.59","77.50","77.74","77.26","77.25M","0.44%"
"03/07/2018","77.25","76.33","77.30","76.13","83.48M","0.48%"
"03/06/2018","76.88","76.66","77.11","76.40","91.23M","0.92%"
"03/05/2018","76.18","74.71","76.27","74.05","104.68M","1.56%"
"03/02/2018","75.01","73.45","75.05","72.75","131.75M","0.46%"
"03/01/2018","74.67","75.68","75.92","73.25","136.70M","-1.26%"
"02/28/2018","75.62","75.98","76.44","75.60","90.30M","0.03%"
"02/27/2018","75.60","76.22","76.34","75.36","96.18M","-0.66%"
"02/26/2018","76.10","75.46","76.14","75.35","99.10M","1.47%"
"02/23/2018","75.00","74.77","75.00","74.33","88.36M","0.98%"
"02/22/2018","74.27","74.77","75.13","73.79","97.16M","0.16%"
"02/21/2018","74.15","74.25","75.17","73.95","126.09M","0.99%"
"02/20/2018","73.42","72.32","74.44","72.32","129.98M","1.37%"
"02/16/2018","72.43","72.87","73.29","72.33","89.45M","-0.90%"
"02/15/2018","73.09","73.34","73.45","71.84","113.05M","0.74%"
"02/14/2018","72.55","70.31","72.60","70.17","119.18M","2.57%"
"02/13/2018","70.73","69.30","70.99","69.18","118.36M","2.05%"
"02/12/2018","69.31","68.23","69.69","67.20","134.78M","3.48%"
"02/09/2018","66.98","68.67","69.17","63.30","282.83M","-0.81%"
"02/08/2018","67.53","71.48","71.69","67.50","171.57M","-4.67%"
"02/07/2018","70.84","72.45","73.05","70.76","143.25M","-1.80%"
"02/06/2018","72.14","68.07","72.20","67.59","221.34M","3.80%"
"02/05/2018","69.50","70.13","72.95","66.04","229.90M","-2.80%"
"02/02/2018","71.50","73.87","74.90","70.70","222.51M","2.88%"
"02/01/2018","69.50","72.25","72.99","69.26","182.28M","-4.19%"
"01/31/2018","72.54","72.56","73.63","72.50","128.49M","0.90%"
"01/30/2018","71.89","70.16","71.96","69.60","117.44M","1.42%"
"01/29/2018","70.88","70.46","71.57","70.02","114.04M","1.11%"
"01/26/2018","70.10","69.60","70.13","69.05","97.15M","1.74%"
"01/25/2018","68.90","68.40","68.92","67.88","95.06M","1.50%"
"01/24/2018","67.88","68.74","69.41","66.90","136.15M","-0.37%"
"01/23/2018","68.13","66.90","68.25","66.87","103.39M","2.65%"
"01/22/2018","66.37","64.86","66.37","64.83","82.80M","2.53%"
"01/19/2018","64.73","65.60","65.65","64.65","91.57M","0.09%"
"01/18/2018","64.67","64.70","65.23","64.20","80.54M","-0.12%"
"01/17/2018","64.75","65.61","65.70","64.04","105.08M","-0.75%"
"01/16/2018","65.24","66.15","67.00","64.61","144.41M","-0.03%"
"01/12/2018","65.26","63.67","65.29","63.67","108.87M","2.24%"
"01/11/2018","63.83","62.99","63.84","62.82","62.50M","1.77%"
"01/10/2018","62.72","62.26","62.72","61.86","53.72M","0.14%"
"01/09/2018","62.63","62.84","62.97","62.09","73.23M","0.47%"
"01/08/2018","62.34","61.80","62.65","61.60","85.59M","1.43%"
"01/05/2018","61.46","60.88","61.46","60.50","70.89M","1.62%"
"01/04/2018","60.48","60.25","60.79","60.23","60.44M","0.45%"
"01/03/2018","60.21","59.41","60.27","59.41","62.18M","1.28%"
"01/02/2018","59.45","58.60","59.50","58.53","53.89M","1.68%"
"12/29/2017","58.47","59.12","59.20","58.38","53.77M","-1.40%"
"12/28/2017","59.30","59.45","59.51","59.22","36.83M","0.32%"
"12/27/2017","59.11","59.00","59.36","58.78","37.34M","0.46%"
"12/26/2017","58.84","58.42","58.92","58.03","40.10M","0.72%"
"12/22/2017","58.42","58.60","58.73","58.39","31.70M","-0.54%"
"12/21/2017","58.74","58.80","58.96","58.38","42.46M","-0.24%"
"12/20/2017","58.88","59.52","59.55","58.80","47.42M","-0.83%"
"12/19/2017","59.37","59.46","59.65","58.96","51.76M","-0.27%"
"12/18/2017","59.53","59.37","59.74","59.05","58.95M","0.97%"
"12/15/2017","58.96","58.95","59.14","58.47","95.57M","0.43%"
"12/14/2017","58.71","58.19","58.90","58.12","64.29M","0.86%"
"12/13/2017","58.21","58.50","58.54","58.01","52.34M","-0.07%"
"12/12/2017","58.25","58.33","58.68","58.08","44.72M","-0.34%"
"12/11/2017","58.45","58.23","58.49","57.85","47.27M","0.60%"
"12/08/2017","58.10","58.52","58.64","57.85","61.00M","0.19%"
"12/07/2017","57.99","57.83","58.16","57.55","50.23M","0.64%"
"12/06/2017","57.62","56.90","57.79","56.80","57.07M","0.95%"
"12/05/2017","57.08","56.41","57.96","56.24","81.60M","0.67%"
"12/04/2017","56.70","58.69","58.76","56.40","118.64M","-2.44%"
"12/01/2017","58.12","58.60","58.98","57.60","82.14M","-1.22%"
"11/30/2017","58.84","58.35","58.93","58.00","90.18M","1.34%"
"11/29/2017","58.06","59.74","59.74","57.26","185.15M","-2.71%"
"11/28/2017","59.68","60.24","60.27","59.43","91.19M","-0.18%"
"11/27/2017","59.79","60.13","60.67","59.56","134.88M","0.83%"
"11/24/2017","59.30","58.03","59.34","58.03","70.56M","2.58%"
"11/22/2017","57.81","57.05","58.01","57.05","71.11M","1.47%"
"11/21/2017","56.97","56.64","57.00","56.41","49.59M","1.15%"
"11/20/2017","56.32","56.49","56.67","56.13","43.28M","-0.30%"
"11/17/2017","56.49","56.91","56.94","56.29","48.27M","-0.65%"
"11/16/2017","56.86","56.51","56.91","56.50","44.27M","0.94%"
"11/15/2017","56.33","56.35","56.59","56.08","78.57M","-0.90%"
"11/14/2017","56.84","56.51","56.90","56.19","62.77M","0.67%"
"11/13/2017","56.46","56.15","56.99","56.12","58.37M","0.34%"
"11/10/2017","56.27","56.30","56.59","56.20","43.60M","-0.34%"
"11/09/2017","56.46","56.30","56.48","55.79","74.65M","-0.32%"
"11/08/2017","56.64","56.14","56.78","55.96","51.63M","0.85%"
"11/07/2017","56.16","56.24","56.53","55.88","53.78M","0.23%"
"11/06/2017","56.03","55.46","56.27","55.44","67.62M","0.81%"
"11/03/2017","55.58","54.56","55.63","54.43","75.03M","1.59%"
"11/02/2017","54.71","54.89","55.10","54.34","73.70M","-0.85%"
"11/01/2017","55.18","55.27","55.45","54.84","75.11M","-0.14%"
"10/31/2017","55.26","55.45","55.53","55.06","69.54M","-0.50%"
"10/30/2017","55.54","54.75","56.14","54.68","132.26M","0.89%"
"10/27/2017","55.05","52.91","55.28","52.53","331.30M","13.23%"
"10/26/2017","48.62","49.02","49.15","48.43","112.37M","-0.06%"
"10/25/2017","48.65","48.90","49.22","48.31","60.66M","-0.31%"
"10/24/2017","48.80","48.45","48.99","48.25","54.48M","1.01%"
"10/23/2017","48.31","49.34","49.34","48.12","69.88M","-1.71%"
"10/20/2017","49.15","49.68","49.73","49.10","47.30M","-0.36%"
"10/19/2017","49.33","49.50","49.55","49.01","62.16M","-1.04%"
"10/18/2017","49.85","50.46","51.12","49.83","49.99M","-1.21%"
"10/17/2017","50.46","50.28","50.57","50.22","46.39M","0.28%"
"10/16/2017","50.32","50.42","50.48","50.05","40.18M","0.34%"
"10/13/2017","50.15","50.35","50.39","50.05","48.63M","0.20%"
"10/12/2017","50.05","49.84","50.42","49.62","81.35M","0.60%"
"10/11/2017","49.75","49.56","49.77","49.33","46.74M","0.79%"
"10/10/2017","49.36","49.83","49.90","49.00","61.70M","-0.38%"
"10/09/2017","49.55","49.66","49.92","49.38","58.77M","0.14%"
"10/06/2017","49.48","48.78","49.79","48.78","75.64M","0.90%"
"10/05/2017","49.04","48.50","49.08","48.48","64.58M","1.60%"
"10/04/2017","48.27","47.71","48.39","47.70","50.55M","0.88%"
"10/03/2017","47.85","47.90","48.18","47.52","53.33M","-0.23%"
"10/02/2017","47.96","48.20","48.37","47.61","48.86M","-0.23%"
"09/29/2017","48.07","48.01","48.24","47.92","50.88M","0.52%"
"09/28/2017","47.82","47.59","47.98","47.51","50.45M","0.59%"
"09/27/2017","47.54","47.40","47.77","47.16","62.98M","1.30%"
"09/26/2017","46.93","47.27","47.43","46.59","71.30M","-0.13%"
"09/25/2017","46.99","47.47","47.47","46.64","102.48M","-1.61%"
"09/22/2017","47.76","48.05","48.28","47.72","52.84M","-0.97%"
"09/21/2017","48.23","48.57","48.59","48.10","46.75M","-0.88%"
"09/20/2017","48.66","48.59","48.74","48.11","57.78M","0.35%"
"09/19/2017","48.49","48.86","48.91","48.37","53.42M","-0.45%"
"09/18/2017","48.71","49.52","49.64","48.41","68.23M","-1.28%"
"09/15/2017","49.34","49.65","49.81","49.20","75.20M","-0.54%"
"09/14/2017","49.61","49.84","49.93","49.39","78.27M","-0.74%"
"09/13/2017","49.98","49.20","50.00","48.97","67.49M","1.73%"
"09/12/2017","49.13","49.16","49.23","48.78","49.62M","0.47%"
"09/11/2017","48.90","48.72","49.10","48.71","43.73M","1.24%"
"09/08/2017","48.30","48.95","48.99","48.17","52.11M","-1.37%"
"09/07/2017","48.97","48.70","49.03","48.63","51.34M","1.20%"
"09/06/2017","48.39","48.42","48.59","48.03","42.60M","0.27%"
"09/05/2017","48.26","48.77","48.84","48.02","59.97M","-1.33%"
"09/01/2017","48.91","49.21","49.23","48.84","50.72M","-0.24%"
"08/31/2017","49.03","48.73","49.05","48.64","66.63M","1.34%"
"08/30/2017","48.38","47.92","48.47","47.85","58.09M","1.43%"
"08/29/2017","47.70","47.00","47.80","46.82","57.49M","0.85%"
"08/28/2017","47.30","47.33","47.65","47.11","51.93M","0.08%"
"08/25/2017","47.26","47.80","47.88","47.20","66.50M","-0.76%"
"08/24/2017","47.62","47.87","47.95","47.06","103.91M","-0.58%"
"08/23/2017","47.90","47.97","48.10","47.71","53.37M","-0.91%"
"08/22/2017","48.34","47.78","48.40","47.77","55.00M","1.43%"
"08/21/2017","47.66","47.88","48.06","47.27","63.29M","-0.54%"
"08/18/2017","47.92","48.07","48.27","47.73","65.70M","-0.23%"
"08/17/2017","48.03","48.89","48.89","48.02","70.25M","-1.80%"
"08/16/2017","48.91","49.08","49.32","48.66","62.64M","-0.47%"
"08/15/2017","49.14","49.45","49.59","49.10","50.99M","-0.04%"
"08/14/2017","49.16","48.92","49.27","48.81","63.46M","1.57%"
"08/11/2017","48.40","48.00","48.52","47.57","69.36M","1.15%"
"08/10/2017","47.85","48.81","48.99","47.73","113.68M","-2.55%"
"08/09/2017","49.10","49.13","49.40","48.76","71.39M","-0.79%"
"08/08/2017","49.49","49.72","49.81","49.29","58.06M","-0.24%"
"08/07/2017","49.61","49.53","49.75","49.36","53.53M","0.47%"
"08/04/2017","49.38","49.48","49.58","49.10","54.61M","0.06%"
"08/03/2017","49.35","49.97","49.98","49.23","65.12M","-0.88%"
"08/02/2017","49.79","50.09","50.16","49.09","81.40M","-0.04%"
"08/01/2017","49.81","49.81","50.32","49.58","91.45M","0.85%"
"07/31/2017","49.39","50.95","50.95","49.35","147.04M","-3.16%"
"07/28/2017","51.00","50.61","51.64","50.05","154.19M","-2.49%"
"07/27/2017","52.30","53.48","54.17","52.01","219.83M","-0.65%"
"07/26/2017","52.64","52.16","52.66","52.16","58.43M","1.25%"
"07/25/2017","51.99","51.90","52.17","51.62","48.95M","0.08%"
"07/24/2017","51.95","51.42","52.15","51.37","65.76M","1.31%"
"07/21/2017","51.28","51.06","51.30","50.55","54.69M","-0.31%"
"07/20/2017","51.44","51.58","51.75","51.13","61.95M","0.19%"
"07/19/2017","51.34","51.25","51.58","51.12","59.28M","0.23%"
"07/18/2017","51.22","50.30","51.30","50.20","80.15M","1.43%"
"07/17/2017","50.50","50.23","50.74","50.19","74.25M","0.82%"
"07/14/2017","50.09","50.12","50.22","49.84","42.05M","0.12%"
"07/13/2017","50.03","50.23","50.34","49.80","57.62M","-0.60%"
"07/12/2017","50.33","50.03","50.43","49.91","72.17M","1.25%"
"07/11/2017","49.71","49.65","49.80","49.19","59.65M","-0.22%"
"07/10/2017","49.82","49.25","49.97","49.17","70.93M","1.80%"
"07/07/2017","48.94","48.48","49.01","48.46","52.87M","1.41%"
"07/06/2017","48.26","48.23","48.72","47.95","65.19M","-0.64%"
"07/05/2017","48.57","48.08","48.75","47.76","73.06M","1.87%"
"07/03/2017","47.68","48.64","48.72","47.55","58.18M","-1.49%"
"06/30/2017","48.40","49.01","49.17","48.38","67.81M","-0.82%"
"06/29/2017","48.80","48.95","49.38","48.26","86.06M","-1.45%"
"06/28/2017","49.52","48.93","49.53","48.46","74.75M","1.39%"
"06/27/2017","48.84","49.53","49.94","48.80","75.65M","-1.73%"
"06/26/2017","49.70","50.42","50.49","49.60","67.72M","-0.98%"
"06/23/2017","50.19","50.13","50.23","49.90","57.58M","0.26%"
"06/22/2017","50.06","50.11","50.35","49.86","45.07M","-0.10%"
"06/21/2017","50.11","49.94","50.14","49.63","58.45M","0.97%"
"06/20/2017","49.63","49.90","50.24","49.60","81.54M","-0.26%"
"06/19/2017","49.76","50.85","50.85","49.49","100.87M","0.75%"
"06/16/2017","49.39","49.80","49.99","49.10","229.45M","2.45%"
"06/15/2017","48.21","47.94","48.29","47.54","107.48M","-1.25%"
"06/14/2017","48.82","49.43","49.52","48.34","79.50M","-0.45%"
"06/13/2017","49.04","48.90","49.23","48.30","91.60M","1.64%"
"06/12/2017","48.25","48.35","48.80","47.25","188.94M","-1.37%"
"06/09/2017","48.92","50.62","50.65","46.35","152.95M","-3.15%"
"06/08/2017","50.51","50.60","50.68","50.31","55.36M","0.02%"
"06/07/2017","50.50","50.30","50.51","50.10","56.46M","0.70%"
"06/06/2017","50.15","50.60","50.83","50.06","66.93M","-0.83%"
"06/05/2017","50.57","50.36","50.66","50.18","54.40M","0.46%"
"06/02/2017","50.34","49.95","50.42","49.78","75.05M","1.08%"
"06/01/2017","49.80","49.93","49.95","49.57","49.10M","0.14%"
"05/31/2017","49.73","50.00","50.01","49.11","78.26M","-0.22%"
"05/30/2017","49.84","49.83","50.06","49.78","65.26M","0.10%"
"05/26/2017","49.79","49.75","49.93","49.46","69.38M","0.24%"
"05/25/2017","49.67","49.24","49.95","49.11","96.44M","1.33%"
"05/24/2017","49.02","48.80","49.05","48.51","49.26M","0.91%"
"05/23/2017","48.58","48.75","48.76","48.34","48.31M","0.10%"
"05/22/2017","48.53","48.20","48.57","48.15","52.84M","1.13%"
"05/19/2017","47.99","48.14","48.45","47.99","79.44M","0.15%"
"05/18/2017","47.92","47.24","48.14","47.24","78.79M","1.44%"
"05/17/2017","47.24","47.73","48.02","47.21","102.91M","-2.19%"
"05/16/2017","48.30","48.05","48.50","48.05","62.52M","0.84%"
"05/15/2017","47.90","47.94","48.16","47.80","85.41M","-0.35%"
"05/12/2017","48.07","47.73","48.14","47.58","72.52M","1.46%"
"05/11/2017","47.38","47.26","47.51","47.04","43.88M","-0.15%"
"05/10/2017","47.45","47.67","47.69","47.25","41.93M","-0.40%"
"05/09/2017","47.64","47.64","47.89","47.51","65.24M","0.40%"
"05/08/2017","47.45","47.05","47.45","46.96","68.31M","1.58%"
"05/05/2017","46.71","47.03","47.04","46.52","57.33M","-0.36%"
"05/04/2017","46.88","47.24","47.25","46.71","48.37M","-0.36%"
"05/03/2017","47.05","47.30","47.30","46.80","71.65M","-0.63%"
"05/02/2017","47.35","47.33","47.51","47.07","76.98M","-0.13%"
"05/01/2017","47.41","46.39","47.72","46.39","109.33M","2.51%"
"04/28/2017","46.25","47.44","47.48","46.22","147.29M","0.72%"
"04/27/2017","45.92","45.72","46.09","45.61","106.11M","1.01%"
"04/26/2017","45.46","45.52","45.79","45.38","52.18M","0.18%"
"04/25/2017","45.38","45.35","45.47","45.15","67.61M","0.02%"
"04/24/2017","45.37","45.43","45.50","45.19","62.46M","0.98%"
"04/21/2017","44.93","45.13","45.18","44.84","48.41M","-0.38%"
"04/20/2017","45.10","44.98","45.27","44.81","56.29M","0.31%"
"04/19/2017","44.96","45.39","45.52","44.87","57.40M","-0.51%"
"04/18/2017","45.19","45.05","45.48","45.04","59.98M","0.20%"
"04/17/2017","45.10","44.38","45.12","44.38","57.09M","1.97%"
"04/13/2017","44.23","44.57","44.75","44.22","63.49M","-1.29%"
"04/12/2017","44.81","45.15","45.20","44.76","49.12M","-0.69%"
"04/11/2017","45.12","45.35","45.56","44.88","60.25M","-0.51%"
"04/10/2017","45.35","44.98","45.43","44.95","63.69M","1.36%"
"04/07/2017","44.74","44.98","45.00","44.47","74.22M","-0.38%"
"04/06/2017","44.91","45.69","45.86","44.72","126.88M","-1.21%"
"04/05/2017","45.46","45.54","46.19","45.28","150.17M","0.26%"
"04/04/2017","45.34","44.58","45.43","44.51","99.69M","1.70%"
"04/03/2017","44.58","44.40","44.67","44.27","68.45M","0.56%"
"03/31/2017","44.33","43.85","44.52","43.83","79.15M","1.16%"
"03/30/2017","43.82","43.75","43.85","43.58","55.25M","0.23%"
"03/29/2017","43.72","42.95","43.82","42.95","89.72M","2.15%"
"03/28/2017","42.80","42.59","42.92","42.51","60.83M","1.09%"
"03/27/2017","42.34","41.90","42.52","41.67","55.12M","0.14%"
"03/24/2017","42.28","42.58","42.59","42.18","42.77M","-0.21%"
"03/23/2017","42.37","42.41","42.54","42.24","39.06M","-0.07%"
"03/22/2017","42.40","42.02","42.47","41.95","53.17M","0.57%"
"03/21/2017","42.16","42.94","43.14","42.07","87.66M","-1.61%"
"03/20/2017","42.85","42.58","42.89","42.55","45.65M","0.54%"
"03/17/2017","42.62","42.67","42.69","42.53","67.69M","-0.12%"
"03/16/2017","42.67","42.77","42.77","42.53","36.85M","0.05%"
"03/15/2017","42.65","42.72","42.72","42.36","51.24M","0.05%"
"03/14/2017","42.63","42.68","42.69","42.38","42.61M","-0.23%"
"03/13/2017","42.73","42.59","42.78","42.59","38.19M","0.26%"
"03/10/2017","42.62","42.85","42.87","42.59","48.73M","-0.07%"
"03/09/2017","42.65","42.55","42.82","42.52","40.96M","0.31%"
"03/08/2017","42.52","42.40","42.65","42.34","45.77M","0.52%"
"03/07/2017","42.30","42.27","42.42","42.19","44.95M","-0.07%"
"03/06/2017","42.33","42.26","42.42","42.06","52.21M","-0.38%"
"03/03/2017","42.49","42.36","42.60","42.31","39.03M","0.09%"
"03/02/2017","42.45","42.65","42.74","42.36","42.64M","-0.47%"
"03/01/2017","42.65","42.65","42.74","42.45","55.20M","0.95%"
"02/28/2017","42.25","42.57","42.70","42.10","55.87M","-0.42%"
"02/27/2017","42.43","42.12","42.62","41.98","54.27M","0.40%"
"02/24/2017","42.26","42.23","42.29","41.89","73.76M","-0.82%"
"02/23/2017","42.61","42.88","43.04","42.40","69.24M","-0.40%"
"02/22/2017","42.78","42.85","42.92","42.61","52.34M","-0.09%"
"02/21/2017","42.82","42.44","42.90","42.36","70.15M","1.35%"
"02/17/2017","42.25","42.10","42.36","42.04","62.25M","0.09%"
"02/16/2017","42.21","42.09","42.25","41.97","54.29M","0.19%"
"02/15/2017","42.13","41.70","42.14","41.64","59.38M","0.74%"
"02/14/2017","41.82","41.85","41.92","41.57","55.85M","-0.02%"
"02/13/2017","41.83","41.58","42.15","41.43","83.45M","1.11%"
"02/10/2017","41.37","41.19","41.40","41.14","48.59M","0.73%"
"02/09/2017","41.07","41.08","41.25","40.99","49.70M","0.20%"
"02/08/2017","40.99","40.63","41.07","40.62","57.16M","0.91%"
"02/07/2017","40.62","40.47","40.81","40.38","69.32M","0.59%"
"02/06/2017","40.38","40.49","40.54","40.15","77.95M","-0.32%"
"02/03/2017","40.51","40.34","40.91","40.20","217.38M","-3.55%"
"02/02/2017","42.00","41.83","42.12","41.41","147.01M","0.91%"
"02/01/2017","41.62","41.46","41.69","41.25","77.00M","1.09%"
"01/31/2017","41.17","41.19","41.35","40.98","62.74M","-0.84%"
"01/30/2017","41.52","41.65","41.67","40.82","74.95M","-0.65%"
"01/27/2017","41.79","41.95","41.98","41.47","59.97M","-0.41%"
"01/26/2017","41.96","41.78","42.19","41.65","71.73M","0.31%"
"01/25/2017","41.83","41.29","41.87","41.26","80.46M","1.73%"
"01/24/2017","41.12","41.10","41.20","40.73","59.43M","0.56%"
"01/23/2017","40.89","40.34","40.92","40.25","55.95M","1.16%"
"01/20/2017","40.42","40.76","40.80","40.31","67.52M","-0.07%"
"01/19/2017","40.45","40.50","40.68","40.37","50.82M","0.20%"
"01/18/2017","40.37","40.48","40.59","40.21","47.08M","-0.30%"
"01/17/2017","40.49","40.78","40.80","40.17","73.41M","-0.91%"
"01/13/2017","40.86","40.72","41.08","40.57","75.84M","0.44%"
"01/12/2017","40.68","40.02","40.71","39.98","97.48M","1.83%"
"01/11/2017","39.95","39.68","39.98","39.48","59.86M","0.38%"
"01/10/2017","39.80","39.83","39.90","39.48","51.17M","-0.13%"
"01/09/2017","39.85","39.90","40.09","39.59","68.92M","0.13%"
"01/06/2017","39.80","39.12","39.97","38.92","119.72M","2.00%"
"01/05/2017","39.02","38.08","39.12","38.01","116.60M","3.06%"
"01/04/2017","37.86","37.92","37.98","37.71","50.21M","0.48%"
"01/03/2017","37.68","37.90","37.94","37.38","70.42M","0.51%"
"12/30/2016","37.49","38.32","38.37","37.41","82.79M","-2.01%"
"12/29/2016","38.26","38.62","38.67","38.04","63.17M","-0.91%"
"12/28/2016","38.61","38.81","39.00","38.52","66.02M","0.10%"
"12/27/2016","38.57","38.17","38.73","38.06","52.77M","1.42%"
"12/23/2016","38.03","38.23","38.33","37.90","39.63M","-0.76%"
"12/22/2016","38.32","38.41","38.56","38.15","50.87M","-0.55%"
"12/21/2016","38.53","38.50","38.56","38.28","40.89M","-0.08%"
"12/20/2016","38.56","38.43","38.72","38.39","54.07M","0.68%"
"12/19/2016","38.30","37.94","38.52","37.81","62.26M","1.08%"
"12/16/2016","37.89","38.25","38.26","37.70","96.96M","-0.42%"
"12/15/2016","38.05","38.31","38.45","38.02","76.04M","-1.01%"
"12/14/2016","38.44","38.91","39.04","38.14","109.10M","-0.72%"
"12/13/2016","38.72","38.25","39.12","38.10","105.71M","1.87%"
"12/12/2016","38.01","38.32","38.34","37.86","59.28M","-1.09%"
"12/09/2016","38.43","38.50","38.51","38.27","49.42M","0.16%"
"12/08/2016","38.37","38.59","38.69","38.26","63.79M","-0.39%"
"12/07/2016","38.52","38.23","38.52","37.79","73.70M","0.73%"
"12/06/2016","38.24","38.20","38.41","37.86","75.89M","0.71%"
"12/05/2016","37.97","37.25","38.07","37.10","86.29M","2.57%"
"12/02/2016","37.02","37.17","37.42","36.84","71.23M","-0.43%"
"12/01/2016","37.18","37.62","37.67","36.90","93.32M","-0.93%"
"11/30/2016","37.53","38.10","38.40","37.51","92.52M","-1.57%"
"11/29/2016","38.13","38.40","38.49","38.07","65.45M","-0.55%"
"11/28/2016","38.34","38.85","38.85","38.21","88.78M","-1.74%"
"11/25/2016","39.02","39.33","39.34","38.90","36.74M","0.03%"
"11/23/2016","39.01","39.09","39.09","38.66","70.81M","-0.66%"
"11/22/2016","39.27","39.41","39.62","39.05","106.23M","0.69%"
"11/21/2016","39.00","38.30","39.02","38.26","92.29M","2.60%"
"11/18/2016","38.01","38.05","38.39","37.88","87.47M","0.50%"
"11/17/2016","37.82","37.47","37.88","37.40","73.80M","1.34%"
"11/16/2016","37.32","36.99","37.49","36.78","72.98M","0.43%"
"11/15/2016","37.16","36.50","37.34","36.30","135.12M","3.37%"
"11/14/2016","35.95","37.28","37.30","35.51","146.43M","-2.71%"
"11/11/2016","36.95","36.79","37.16","36.45","132.46M","-0.46%"
"11/10/2016","37.12","38.94","38.94","35.88","254.94M","-3.81%"
"11/09/2016","38.59","38.20","38.88","38.00","171.26M","-2.03%"
"11/08/2016","39.39","39.25","39.59","38.95","68.25M","0.36%"
"11/07/2016","39.25","38.58","39.39","38.55","119.69M","3.97%"
"11/04/2016","37.75","38.14","38.30","37.66","102.44M","-1.56%"
"11/03/2016","38.35","38.25","38.85","38.20","77.45M","0.18%"
"11/02/2016","38.28","39.20","39.24","38.18","100.53M","-2.52%"
"11/01/2016","39.27","39.95","40.04","38.84","106.11M","-0.56%"
"10/31/2016","39.49","39.05","39.69","39.01","108.27M","1.73%"
"10/28/2016","38.82","39.10","39.47","38.73","216.82M","-5.13%"
"10/27/2016","40.92","41.56","41.59","40.77","148.13M","-0.51%"
"10/26/2016","41.13","41.64","41.67","41.00","79.96M","-1.51%"
"10/25/2016","41.76","41.97","42.15","41.66","64.97M","-0.33%"
"10/24/2016","41.90","41.25","41.91","41.11","81.22M","2.32%"
"10/21/2016","40.95","40.47","40.97","40.45","55.86M","1.06%"
"10/20/2016","40.52","40.70","40.79","40.16","63.04M","-0.88%"
"10/19/2016","40.88","41.02","41.03","40.76","41.81M","0.00%"
"10/18/2016","40.88","41.11","41.16","40.75","50.25M","0.57%"
"10/17/2016","40.65","41.08","41.10","40.58","67.23M","-1.22%"
"10/14/2016","41.15","41.75","41.79","41.15","60.00M","-0.75%"
"10/13/2016","41.46","41.45","41.59","41.06","61.83M","-0.58%"
"10/12/2016","41.70","41.70","41.88","41.51","47.61M","0.36%"
"10/11/2016","41.55","42.05","42.06","41.42","71.76M","-1.28%"
"10/10/2016","42.09","42.16","42.26","42.01","36.54M","0.29%"
"10/07/2016","41.97","42.29","42.30","41.87","48.52M","-0.26%"
"10/06/2016","42.08","42.19","42.36","42.03","53.68M","-0.33%"
"10/05/2016","42.22","41.90","42.28","41.81","69.38M","1.25%"
"10/04/2016","41.70","42.05","42.12","41.51","59.01M","-0.33%"
"10/03/2016","41.84","41.80","41.99","41.56","55.39M","-0.07%"
"09/30/2016","41.87","41.63","42.00","41.62","88.61M","1.01%"
"09/29/2016","41.45","41.41","41.88","41.23","98.44M","0.02%"
"09/28/2016","41.44","40.90","41.51","40.85","88.44M","1.54%"
"09/27/2016","40.81","40.09","40.83","40.06","76.39M","2.13%"
"09/26/2016","39.96","40.09","40.30","39.86","53.03M","-0.82%"
"09/23/2016","40.29","40.16","40.39","40.11","47.07M","0.15%"
"09/22/2016","40.23","39.71","40.29","39.71","81.58M","1.87%"
"09/21/2016","39.49","39.16","39.53","38.95","54.37M","1.23%"
"09/20/2016","39.01","38.80","39.07","38.80","38.74M","0.64%"
"09/19/2016","38.76","39.00","39.10","38.55","45.94M","-0.44%"
"09/16/2016","38.93","38.66","39.02","38.58","109.98M","1.17%"
"09/15/2016","38.48","38.10","38.54","37.88","60.87M","1.13%"
"09/14/2016","38.05","38.11","38.38","37.94","50.64M","0.00%"
"09/13/2016","38.05","38.44","38.49","37.95","62.34M","-1.35%"
"09/12/2016","38.57","37.87","38.63","37.80","62.49M","1.47%"
"09/09/2016","38.01","38.97","39.05","38.01","85.15M","-3.04%"
"09/08/2016","39.20","39.19","39.33","39.07","40.61M","-0.05%"
"09/07/2016","39.22","39.48","39.54","39.22","48.49M","-0.56%"
"09/06/2016","39.44","38.70","39.47","38.51","74.40M","2.12%"
"09/02/2016","38.62","38.71","38.80","38.59","43.64M","0.23%"
"09/01/2016","38.53","38.55","38.60","38.34","35.85M","0.18%"
"08/31/2016","38.46","38.33","38.48","38.20","32.68M","0.21%"
"08/30/2016","38.38","38.55","38.59","38.28","34.18M","-0.47%"
"08/29/2016","38.56","38.44","38.75","38.43","43.97M","0.29%"
"08/26/2016","38.45","38.00","38.50","37.99","55.54M","1.29%"
"08/25/2016","37.96","37.80","38.03","37.74","32.46M","0.26%"
"08/24/2016","37.86","38.15","38.17","37.77","34.88M","-0.68%"
"08/23/2016","38.12","38.17","38.23","38.05","30.48M","0.40%"
"08/22/2016","37.97","37.88","37.99","37.60","33.59M","0.26%"
"08/19/2016","37.87","38.09","38.12","37.84","46.86M","-0.92%"
"08/18/2016","38.22","38.20","38.26","38.03","29.18M","-0.03%"
"08/17/2016","38.23","38.22","38.26","37.96","37.82M","0.08%"
"08/16/2016","38.20","38.43","38.44","38.19","32.09M","-0.57%"
"08/15/2016","38.42","38.59","38.60","38.39","42.37M","-0.54%"
"08/12/2016","38.63","38.42","38.66","38.42","31.27M","0.18%"
"08/11/2016","38.56","38.50","38.69","38.46","40.39M","0.34%"
"08/10/2016","38.43","38.49","38.60","38.31","32.09M","0.03%"
"08/09/2016","38.42","38.37","38.63","38.34","37.52M","0.23%"
"08/08/2016","38.33","38.34","38.35","38.05","39.73M","0.08%"
"08/05/2016","38.30","38.24","38.42","38.15","54.09M","0.68%"
"08/04/2016","38.04","37.69","38.25","37.52","63.56M","0.82%"
"08/03/2016","37.73","37.85","37.94","37.61","71.63M","-0.79%"
"08/02/2016","38.03","38.19","38.25","37.85","72.07M","-0.94%"
"08/01/2016","38.39","37.99","38.52","37.85","71.56M","1.19%"
"07/29/2016","37.94","38.25","38.30","37.75","135.54M","0.82%"
"07/28/2016","37.63","37.30","37.67","36.98","152.35M","2.17%"
"07/27/2016","36.83","36.90","37.05","36.69","58.26M","0.14%"
"07/26/2016","36.78","37.14","37.16","36.64","50.59M","-0.54%"
"07/25/2016","36.98","37.33","37.42","36.77","53.59M","-0.70%"
"07/22/2016","37.24","37.39","37.56","37.18","45.55M","0.05%"
"07/21/2016","37.22","37.38","37.47","37.14","46.34M","-0.19%"
"07/20/2016","37.29","37.20","37.31","37.03","44.28M","0.78%"
"07/19/2016","37.00","36.62","37.17","36.62","44.34M","0.54%"
"07/18/2016","36.80","36.77","37.08","36.44","59.10M","0.08%"
"07/15/2016","36.77","37.33","37.33","36.70","62.43M","-0.78%"
"07/14/2016","37.06","37.44","37.45","36.95","47.81M","-0.19%"
"07/13/2016","37.13","37.34","37.84","37.06","82.85M","-0.75%"
"07/12/2016","37.41","37.84","37.87","37.02","112.47M","-0.74%"
"07/11/2016","37.69","37.50","37.80","37.35","63.91M","1.07%"
"07/08/2016","37.29","37.01","37.30","36.90","68.58M","1.25%"
"07/07/2016","36.83","36.97","36.98","36.58","58.92M","-0.14%"
"07/06/2016","36.88","36.29","36.89","36.13","78.76M","1.29%"
"07/05/2016","36.41","36.14","36.41","35.98","48.63M","0.36%"
"07/01/2016","36.28","35.87","36.40","35.83","58.41M","1.40%"
"06/30/2016","35.78","35.86","35.97","35.63","57.10M","0.00%"
"06/29/2016","35.78","35.79","35.98","35.68","61.40M","1.07%"
"06/28/2016","35.40","35.00","35.40","34.91","80.74M","2.40%"
"06/27/2016","34.57","34.60","34.84","34.11","111.68M","-1.09%"
"06/24/2016","34.95","34.65","35.63","34.61","152.65M","-3.19%"
"06/23/2016","36.10","35.77","36.11","35.62","56.50M","1.60%"
"06/22/2016","35.53","35.83","35.85","35.38","45.21M","-0.73%"
"06/21/2016","35.79","35.79","35.92","35.64","42.75M","0.25%"
"06/20/2016","35.70","35.67","36.07","35.54","73.54M","1.08%"
"06/17/2016","35.32","35.91","35.91","34.96","117.96M","-1.56%"
"06/16/2016","35.88","35.60","35.90","35.27","61.96M","0.48%"
"06/15/2016","35.71","36.10","36.13","35.67","54.19M","-0.72%"
"06/14/2016","35.97","35.62","36.04","35.61","50.14M","0.59%"
"06/13/2016","35.76","35.70","36.10","35.56","67.04M","-0.39%"
"06/10/2016","35.90","36.12","36.25","35.71","68.51M","-1.32%"
"06/09/2016","36.38","36.16","36.45","36.12","43.41M","0.14%"
"06/08/2016","36.33","36.32","36.47","36.08","44.47M","0.39%"
"06/07/2016","36.19","36.49","36.50","36.03","54.65M","-0.41%"
"06/06/2016","36.34","36.33","36.58","36.22","54.10M","0.17%"
"06/03/2016","36.28","36.34","36.35","35.92","67.35M","-0.36%"
"06/02/2016","36.41","36.05","36.41","35.78","60.53M","1.22%"
"06/01/2016","35.97","36.05","36.32","35.91","65.26M","-0.47%"
"05/31/2016","36.14","35.62","36.21","35.57","72.37M","1.49%"
"05/27/2016","35.61","35.75","35.83","35.55","44.98M","-0.39%"
"05/26/2016","35.75","35.42","35.75","35.36","48.93M","0.93%"
"05/25/2016","35.42","35.40","35.54","35.28","65.53M","0.60%"
"05/24/2016","35.21","34.90","35.38","34.90","60.68M","1.06%"
"05/23/2016","34.84","35.21","35.30","34.82","51.90M","-0.85%"
"05/20/2016","35.14","35.05","35.36","35.00","58.32M","0.60%"
"05/19/2016","34.93","34.59","34.97","34.48","60.51M","0.17%"
"05/18/2016","34.87","34.48","35.13","34.44","85.66M","0.32%"
"05/17/2016","34.76","35.49","35.72","34.70","102.43M","-2.17%"
"05/16/2016","35.53","35.51","35.66","35.01","108.66M","0.08%"
"05/13/2016","35.50","35.73","35.96","35.33","95.27M","-1.11%"
"05/12/2016","35.90","35.87","36.12","35.58","100.96M","0.67%"
"05/11/2016","35.66","35.29","35.95","35.08","146.76M","1.45%"
"05/10/2016","35.15","34.70","35.23","34.67","122.11M","3.41%"
"05/09/2016","33.99","33.70","34.35","33.57","79.64M","0.86%"
"05/06/2016","33.70","32.80","33.85","32.80","87.31M","2.28%"
"05/05/2016","32.95","33.67","33.82","32.80","97.68M","-1.79%"
"05/04/2016","33.55","33.13","33.70","33.11","92.71M","-0.06%"
"05/03/2016","33.57","33.87","34.02","33.52","98.47M","-1.81%"
"05/02/2016","34.19","33.20","34.27","33.10","131.57M","3.67%"
"04/29/2016","32.98","33.30","33.50","32.70","206.21M","9.57%"
"04/28/2016","30.10","30.78","31.34","29.96","157.45M","-0.76%"
"04/27/2016","30.33","30.59","30.80","30.06","81.38M","-1.65%"
"04/26/2016","30.84","31.31","31.34","30.74","50.43M","-1.50%"
"04/25/2016","31.31","30.83","31.35","30.81","53.66M","0.93%"
"04/22/2016","31.02","31.22","31.41","30.58","101.68M","-1.68%"
"04/21/2016","31.55","31.55","31.89","31.43","51.93M","-0.32%"
"04/20/2016","31.65","31.50","31.83","31.15","52.19M","0.83%"
"04/19/2016","31.39","31.86","31.90","31.04","81.12M","-1.20%"
"04/18/2016","31.77","31.27","31.88","31.25","87.22M","1.53%"
"04/15/2016","31.29","31.10","31.34","30.91","57.75M","0.81%"
"04/14/2016","31.04","30.75","31.22","30.75","70.24M","0.98%"
"04/13/2016","30.74","30.38","30.84","30.26","84.57M","1.92%"
"04/12/2016","30.16","29.92","30.20","29.62","52.82M","1.21%"
"04/11/2016","29.80","29.81","30.20","29.75","54.09M","0.24%"
"04/08/2016","29.73","29.72","29.89","29.45","51.84M","0.54%"
"04/07/2016","29.57","29.94","29.98","29.45","63.78M","-1.76%"
"04/06/2016","30.10","29.38","30.12","29.38","57.00M","2.70%"
"04/05/2016","29.31","29.54","29.67","29.26","46.18M","-1.18%"
"04/04/2016","29.66","29.95","29.98","29.53","49.42M","-0.90%"
"04/01/2016","29.93","29.52","29.95","29.41","58.35M","0.84%"
"03/31/2016","29.68","29.96","30.04","29.61","53.64M","-0.84%"
"03/30/2016","29.93","29.84","30.16","29.75","77.81M","0.81%"
"03/29/2016","29.69","29.01","29.79","28.82","87.85M","2.41%"
"03/28/2016","28.99","29.22","29.24","28.78","62.43M","-0.55%"
"03/24/2016","29.15","28.36","29.18","28.35","103.71M","2.35%"
"03/23/2016","28.48","28.05","28.62","27.91","79.67M","1.64%"
"03/22/2016","28.02","27.26","28.14","27.25","80.01M","1.16%"
"03/21/2016","27.70","27.45","27.76","26.93","103.11M","0.36%"
"03/18/2016","27.60","28.05","28.12","27.30","145.94M","-1.32%"
"03/17/2016","27.97","28.48","28.57","27.75","118.56M","-2.58%"
"03/16/2016","28.71","28.83","29.07","28.56","70.75M","-0.49%"
"03/15/2016","28.85","28.55","29.08","28.35","77.54M","0.63%"
"03/14/2016","28.67","28.35","28.84","28.15","69.08M","0.67%"
"03/11/2016","28.48","28.35","28.50","28.14","75.43M","1.90%"
"03/10/2016","27.95","28.34","28.35","27.39","78.40M","-0.07%"
"03/09/2016","27.97","27.98","28.02","27.51","87.55M","-0.14%"
"03/08/2016","28.01","27.89","28.57","27.74","94.60M","-0.46%"
"03/07/2016","28.14","28.68","28.68","27.78","98.65M","-2.16%"
"03/04/2016","28.76","29.05","29.07","28.55","68.33M","-0.38%"
"03/03/2016","28.87","28.90","28.99","28.66","54.83M","-0.48%"
"03/02/2016","29.01","29.09","29.25","28.68","91.64M","0.21%"
"03/01/2016","28.95","27.81","28.96","27.80","100.77M","4.78%"
"02/29/2016","27.63","27.70","28.24","27.63","82.91M","-95.02%"
"02/27/2016","555.36","555.27","555.36","555.27","4.59M","1,900.58%"
"02/26/2016","27.76","28.01","28.12","27.66","97.54M","0.00%"
"02/25/2016","27.76","27.78","27.97","27.26","90.51M","0.22%"
"02/24/2016","27.70","27.29","27.71","26.66","124.63M","0.18%"
"02/23/2016","27.65","27.78","27.85","27.27","81.02M","-1.18%"
"02/22/2016","27.98","27.11","28.03","27.05","111.33M","4.60%"
"02/19/2016","26.75","26.04","26.80","25.77","99.49M","1.90%"
"02/18/2016","26.25","27.06","27.06","26.19","94.70M","-1.69%"
"02/17/2016","26.70","26.44","26.87","25.97","96.48M","2.50%"
"02/16/2016","26.05","25.97","26.22","25.58","102.37M","2.76%"
"02/12/2016","25.35","25.54","25.84","25.07","107.70M","0.64%"
"02/11/2016","25.19","24.56","25.46","24.20","147.95M","2.73%"
"02/10/2016","24.52","24.59","25.23","24.30","135.72M","1.74%"
"02/09/2016","24.10","23.90","24.92","23.70","141.56M","-1.27%"
"02/08/2016","24.41","24.32","24.68","23.76","196.51M","-2.79%"
"02/05/2016","25.11","26.46","26.47","24.96","194.18M","-6.34%"
"02/04/2016","26.81","26.25","26.95","25.96","123.98M","0.98%"
"02/03/2016","26.55","27.68","27.80","26.09","200.97M","-3.84%"
"02/02/2016","27.61","28.50","28.58","27.50","126.24M","-3.93%"
"02/01/2016","28.74","28.91","29.09","28.52","127.10M","-2.08%"
"01/29/2016","29.35","28.60","29.65","28.50","293.55M","-7.62%"
"01/28/2016","31.77","30.42","31.90","29.88","280.30M","8.91%"
"01/27/2016","29.17","30.10","30.17","28.94","103.06M","-2.96%"
"01/26/2016","30.06","30.17","30.23","29.52","75.31M","0.77%"
"01/25/2016","29.83","29.90","30.43","29.73","87.92M","0.03%"
"01/22/2016","29.82","29.44","30.00","29.21","102.40M","3.72%"
"01/21/2016","28.75","28.68","29.44","28.41","99.04M","0.56%"
"01/20/2016","28.59","28.22","28.92","27.36","159.33M","-0.45%"
"01/19/2016","28.72","28.85","29.20","28.32","96.14M","0.74%"
"01/15/2016","28.51","28.61","29.23","28.27","155.69M","-3.84%"
"01/14/2016","29.65","29.01","30.11","28.49","144.76M","1.93%"
"01/13/2016","29.09","31.04","31.04","28.96","153.10M","-5.83%"
"01/12/2016","30.89","31.26","31.30","30.61","94.48M","0.00%"
"01/11/2016","30.89","30.62","30.99","29.93","97.83M","1.78%"
"01/08/2016","30.35","30.98","31.21","30.30","110.26M","-0.16%"
"01/07/2016","30.40","31.09","31.50","30.26","141.50M","-3.89%"
"01/06/2016","31.63","31.10","31.99","31.02","106.58M","-0.19%"
"01/05/2016","31.69","32.34","32.35","31.38","116.45M","-0.50%"
"01/04/2016","31.85","32.81","32.89","31.38","186.29M","-5.74%"