Fecha de cotización,Apertura,Cierre,Máximo,Mínimo,Promedio,Cantidad negociada,Monto negociado,Fecha anterior,Cierre anterior corregido
30/12/2022,3.55,3.55,3.55,3.55,3.550048244667098,375171,1331875.15,29/12/2022,3.55
29/12/2022,3.54,3.55,3.56,3.54,3.5504645717577534,322878,1146366.9,28/12/2022,3.54
28/12/2022,3.5,3.54,3.55,3.5,3.524444625878616,269458,949689.8,27/12/2022,3.5
27/12/2022,3.31,3.5,3.5,3.15,3.187466627485552,510450,1627042.34,23/12/2022,3.3
26/12/2022,,,,,,,,23/12/2022,3.3
23/12/2022,3.3,3.3,3.3,3.3,3.3,10275,33907.5,22/12/2022,3.3
22/12/2022,3.36,3.3,3.36,3.3,3.305636245891023,121989,403251.26,21/12/2022,3.35
21/12/2022,3.35,3.35,3.35,3.35,3.350130402384501,32208,107901,20/12/2022,3.34
20/12/2022,3.4,3.34,3.4,3.33,3.355978191796649,138480,464735.86,19/12/2022,3.34
19/12/2022,3.33,3.34,3.34,3.33,3.3369969066606124,35237,117585.76,16/12/2022,3.28
16/12/2022,3.5,3.28,3.5,3.28,3.3321785189187834,159154,530329.54,15/12/2022,3.5
15/12/2022,3.56,3.5,3.56,3.5,3.5050843881856535,37920,132912.8,14/12/2022,3.58
14/12/2022,3.58,3.58,3.58,3.58,3.5836694575900983,2747,9844.34,13/12/2022,3.58
13/12/2022,3.6,3.58,3.6,3.58,3.585692024366058,14118,50622.8,12/12/2022,3.56
12/12/2022,3.65,3.56,3.65,3.5,3.5280545836249124,71450,252079.5,07/12/2022,3.69
07/12/2022,3.52,3.69,3.69,3.48,3.635495698279312,39984,145361.66,06/12/2022,3.69
06/12/2022,3.69,3.69,3.69,3.68,3.6875067007417566,32086,118317.34,05/12/2022,3.69
05/12/2022,3.7,3.69,3.7,3.69,3.699411774785697,233431,863557.39,02/12/2022,3.7
02/12/2022,3.7,3.7,3.7,3.7,3.701212121212121,14883,55085.14,01/12/2022,3.74
01/12/2022,3.73,3.74,3.74,3.73,3.724264258169271,14781,55048.35,30/11/2022,3.69
30/11/2022,3.64,3.69,3.7,3.63,3.6873258160237388,75825,279591.48,28/11/2022,3.6
29/11/2022,,,,,3.6528169014084506,1420,5187,28/11/2022,3.6
28/11/2022,3.6,3.6,3.6,3.55,3.597455911450119,34873,125454.08,25/11/2022,3.6
25/11/2022,3.56,3.6,3.6,3.55,3.584256629661048,27113,97179.95,24/11/2022,3.55
24/11/2022,3.55,3.55,3.55,3.52,3.5371950025325005,29615,104754.03,23/11/2022,3.5
23/11/2022,3.65,3.5,3.66,3.5,3.5054849823911733,942993,3305647.8,22/11/2022,3.65
22/11/2022,3.65,3.65,3.65,3.65,3.651336689692854,25623,93558.2,21/11/2022,3.65
21/11/2022,3.65,3.65,3.65,3.65,3.649437119675456,15776,57573.52,18/11/2022,3.68
18/11/2022,3.65,3.68,3.79,3.65,3.7092687236645374,44142,163734.54,17/11/2022,3.65
17/11/2022,3.7,3.65,3.8,3.65,3.748669798657718,14900,55855.18,16/11/2022,3.75
16/11/2022,3.8,3.75,3.8,3.75,3.753838880484115,18508,69476.05,14/11/2022,3.75
15/11/2022,,,,,3.770761523046092,1497,5644.83,14/11/2022,3.75
14/11/2022,3.8,3.75,3.8,3.75,3.773580670227068,81077,305950.6,11/11/2022,3.8
11/11/2022,3.75,3.8,3.8,3.75,3.785167528057711,73331,277570.12,10/11/2022,3.65
10/11/2022,3.7,3.65,3.8,3.65,3.698809281950352,63004,233039.78,09/11/2022,3.62
09/11/2022,3.7,3.62,3.7,3.62,3.6866181070311494,46678,172083.96,08/11/2022,3.7
08/11/2022,3.6,3.7,3.7,3.6,3.679160948833562,15303,56302.2,07/11/2022,3.6
07/11/2022,3.6,3.6,3.6,3.6,3.6,1600,5760,04/11/2022,3.69
04/11/2022,3.6,3.69,3.7,3.6,3.658879422180148,28521,104354.9,03/11/2022,3.45
03/11/2022,3.45,3.45,3.45,3.45,3.4316948714636353,7741,26564.75,02/11/2022,3.48
02/11/2022,3.45,3.48,3.48,3.45,3.4690832920178485,20170,69971.41,31/10/2022,3.48
31/10/2022,3.58,3.48,3.58,3.48,3.4842232770876667,294719,1026866.8,28/10/2022,3.6
28/10/2022,3.6,3.6,3.6,3.6,3.60035504014273,5605,20179.99,27/10/2022,3.61
27/10/2022,3.61,3.61,3.61,3.61,3.6118816312997346,12064,43573.74,26/10/2022,3.6
26/10/2022,3.68,3.6,3.7,3.6,3.6348101917036715,36932,134240.81,25/10/2022,3.69
25/10/2022,3.62,3.69,3.69,3.6,3.6068644596315256,76966,277605.93,24/10/2022,3.6
24/10/2022,3.6,3.6,3.62,3.6,3.600425251016225,143915,518155.2,21/10/2022,3.56
21/10/2022,3.69,3.56,3.69,3.56,3.604212123168291,30982,111665.7,20/10/2022,3.7
20/10/2022,3.7,3.7,3.7,3.7,3.6982900657667015,2889,10684.36,19/10/2022,3.7
19/10/2022,3.7,3.7,3.7,3.7,3.6954707985697257,7551,27904.5,18/10/2022,3.7
18/10/2022,3.7,3.7,3.7,3.7,3.700211734693877,39200,145048.3,17/10/2022,3.7
17/10/2022,3.7,3.7,3.7,3.7,3.6994236311239193,3123,11553.3,14/10/2022,3.65
14/10/2022,3.65,3.65,3.65,3.65,3.65005395067367,35032,127868.69,13/10/2022,3.6
13/10/2022,3.6,3.6,3.6,3.6,3.6451282051282052,3900,14216,12/10/2022,3.65
12/10/2022,3.65,3.65,3.65,3.65,3.6500936784400806,14411,52601.5,11/10/2022,3.7
11/10/2022,3.7,3.7,3.7,3.7,3.7004618854307627,11085,41019.62,10/10/2022,3.76
10/10/2022,3.76,3.76,3.76,3.76,3.7640123758345547,6141,23114.8,07/10/2022,3.8
07/10/2022,3.8,3.8,3.8,3.8,3.8000151589159694,59371,225610.7,06/10/2022,3.8
06/10/2022,3.8,3.8,3.8,3.8,3.8,18449,70106.2,05/10/2022,3.8
05/10/2022,3.81,3.8,3.81,3.8,3.8005060787468024,113757,432334.17,28/09/2022,3.81
04/10/2022,,,,,3.9495348837209305,43,169.83,28/09/2022,3.81
03/10/2022,,,,,3.844530805687204,1055,4055.98,28/09/2022,3.81
30/09/2022,,,,,3.8509950248756217,1005,3870.25,28/09/2022,3.81
29/09/2022,,,,,3.809932088285229,1767,6732.15,28/09/2022,3.81
28/09/2022,4,4.1,4.1,4,4.061232526087813,25395,103135,27/09/2022,3.81
27/09/2022,3.85,3.81,3.85,3.81,3.8208820686321894,24828,94864.86,26/09/2022,3.86
26/09/2022,3.86,3.86,3.9,3.86,3.8818324394604256,36918,143309.49,23/09/2022,3.86
23/09/2022,3.86,3.86,3.89,3.85,3.860815226164724,30973,119581.03,22/09/2022,3.95
22/09/2022,4.05,3.95,4.05,3.95,3.983001762196253,21564,85889.45,21/09/2022,4.14
21/09/2022,3.95,4.14,4.15,3.95,4.149894897493962,50145046,208096670.53,20/09/2022,3.95
20/09/2022,3.95,3.95,3.95,3.95,3.95,2207254,8718653.3,19/09/2022,3.95
19/09/2022,3.95,3.95,3.95,3.95,3.950392356887825,25487,100683.65,16/09/2022,3.95
16/09/2022,3.86,3.95,3.95,3.86,3.916258962151351,919980,3602879.92,15/09/2022,3.9
15/09/2022,3.9,3.9,3.92,3.89,3.909040312555496,28155,110059.03,14/09/2022,3.92
14/09/2022,3.9,3.92,3.92,3.9,3.9116599541259554,55369,216584.7,13/09/2022,3.86
13/09/2022,3.7,3.86,3.86,3.7,3.8051625428646796,94775,360634.28,12/09/2022,3.62
12/09/2022,3.65,3.62,3.65,3.62,3.626114560783867,35108,127305.63,09/09/2022,3.66
09/09/2022,3.65,3.66,3.68,3.65,3.6714254204576786,36270,133162.6,08/09/2022,3.6
08/09/2022,3.53,3.6,3.61,3.53,3.5346251898328185,2023491,7152282.26,07/09/2022,3.52
07/09/2022,3.55,3.52,3.55,3.51,3.529862604540024,83700,295449.5,05/09/2022,3.6
06/09/2022,,,,,,,,05/09/2022,3.6
05/09/2022,3.6,3.6,3.6,3.6,3.601065393876116,46931,169001.6,02/09/2022,3.67
02/09/2022,3.67,3.67,3.67,3.64,3.654742057709123,20586,75236.52,01/09/2022,3.64
01/09/2022,3.64,3.64,3.64,3.64,3.640322580645161,1550,5642.5,31/08/2022,3.65
31/08/2022,3.7,3.65,3.7,3.65,3.6985800833017795,63384,234430.8,29/08/2022,3.8
29/08/2022,3.8,3.8,3.8,3.8,3.8,3381,12847.8,26/08/2022,3.88
26/08/2022,3.89,3.88,3.89,3.88,3.8843014915421925,92991,361205.08,25/08/2022,3.89
25/08/2022,3.94,3.89,3.94,3.89,3.9009995217599234,41820,163139.8,24/08/2022,3.95
24/08/2022,3.93,3.95,4,3.93,3.952629181494662,56200,222137.76,22/08/2022,3.95
23/08/2022,,,,,3.95,1100,4345,22/08/2022,3.95
22/08/2022,4.05,3.95,4.05,3.94,4.010366072887726,61190,245394.3,19/08/2022,4.05
19/08/2022,4.05,4.05,4.05,4,4.025610435946036,71752,288845.6,18/08/2022,4.05
18/08/2022,4.05,4.05,4.05,4.05,4.05,8418,34092.9,17/08/2022,4.05
17/08/2022,4.1,4.05,4.1,4.05,4.059559625027251,9174,37242.4,16/08/2022,4.05
16/08/2022,4.1,4.05,4.1,4.05,4.06,12000,48720,15/08/2022,4.05
15/08/2022,4.05,4.05,4.05,4.05,4.050269815821374,25573,103577.55,12/08/2022,4.15
12/08/2022,4.15,4.15,4.15,4.15,4.15005206525512,14405,59781.5,11/08/2022,4.15
11/08/2022,4.3,4.15,4.3,4.15,4.174820710556323,66652,278260.15,10/08/2022,4.2
10/08/2022,4.2,4.2,4.24,4.15,4.217379851628857,46505,196129.25,09/08/2022,4.15
09/08/2022,4.2,4.15,4.2,4.15,4.159203092476955,40356,167848.8,08/08/2022,4.15
08/08/2022,4.24,4.15,4.24,4.15,4.226312056737589,28200,119182,05/08/2022,4.15
05/08/2022,4.1,4.15,4.15,4.1,4.136113615870153,11090,45869.5,04/08/2022,4.1
04/08/2022,4.1,4.1,4.1,4.1,4.09794776119403,10720,43930,02/08/2022,4
03/08/2022,,,,,4.02,800,3216,02/08/2022,4
02/08/2022,4,4,4.03,4,4.0023279273686665,25774,103156,01/08/2022,4
01/08/2022,3.92,4,4.02,3.9,3.9550397446521193,32583,128867.06,27/07/2022,3.8
27/07/2022,3.76,3.8,3.8,3.76,3.7877532747471396,12062,45687.88,26/07/2022,3.76
26/07/2022,3.78,3.76,3.78,3.76,3.777628485052066,14885,56230,25/07/2022,3.75
25/07/2022,3.85,3.75,3.85,3.73,3.76351083348795,48507,182556.62,22/07/2022,3.8
22/07/2022,3.75,3.8,3.8,3.75,3.801123595505618,17800,67660,21/07/2022,3.7
21/07/2022,3.6,3.7,3.75,3.6,3.684113712374582,59800,220310,20/07/2022,3.57
20/07/2022,3.52,3.57,3.57,3.52,3.52210970464135,94800,333896,19/07/2022,3.6
19/07/2022,3.6,3.6,3.6,3.6,3.5999999999999996,5108,18388.8,18/07/2022,3.5
18/07/2022,3.5,3.5,3.5,3.5,3.5,11600,40600,15/07/2022,3.36
15/07/2022,3.4,3.36,3.4,3.36,3.3727272727272726,4620,15582,14/07/2022,3.3
14/07/2022,3.26,3.3,3.3,3.25,3.2697431972789115,5880,19226.09,13/07/2022,3.26
13/07/2022,3.26,3.26,3.26,3.26,3.2616683217477656,5035,16422.5,12/07/2022,3.5
12/07/2022,3.51,3.5,3.55,3.5,3.543753779697624,104175,369170.55,11/07/2022,3.5
11/07/2022,3.4,3.5,3.5,3.4,3.4342286861133258,36373,124913.2,08/07/2022,3.41
08/07/2022,3.4,3.41,3.41,3.4,3.407175521183591,14870,50664.7,07/07/2022,3.3
07/07/2022,3.18,3.3,3.3,3.18,3.252422306308542,32242,104864.6,06/07/2022,3.18
06/07/2022,3.29,3.18,3.3,3.18,3.259208633093525,6672,21745.44,05/07/2022,3.38
05/07/2022,3.49,3.38,3.49,3.38,3.4593566293566296,21978,76029.74,01/07/2022,3.51
04/07/2022,,,,,3.504854368932039,309,1083,01/07/2022,3.51
01/07/2022,3.6,3.6,3.6,3.6,3.601174376401507,43257,155776,30/06/2022,3.69
30/06/2022,3.69,3.69,3.69,3.69,3.689283366206443,15210,56114,28/06/2022,3.73
28/06/2022,3.78,3.73,3.78,3.7,3.7217755790765454,26076,97049.02,27/06/2022,3.78
27/06/2022,3.78,3.78,3.78,3.78,3.78,3900,14742,24/06/2022,3.78
24/06/2022,3.8,3.78,3.8,3.74,3.7599133728642893,125134,470493,23/06/2022,3.8
23/06/2022,4,3.8,4,3.75,3.8574600434198283,96730,373132.11,22/06/2022,4.07
22/06/2022,4.15,4.07,4.15,4,4.046731472083888,190159,769522.41,21/06/2022,4.3
21/06/2022,4.3,4.3,4.3,4.3,4.3,2650,11395,17/06/2022,4.35
20/06/2022,,,,,4.35,1100,4785,17/06/2022,4.35
17/06/2022,4.34,4.35,4.35,4.2,4.317028886428062,369343,1594464.4,16/06/2022,4.34
16/06/2022,4.34,4.34,4.34,4.34,4.34006719252118,3423,14856.05,15/06/2022,4.38
15/06/2022,4.4,4.38,4.42,4.38,4.392886859082345,80139,352041.56,14/06/2022,4.4
14/06/2022,4.4,4.4,4.4,4.3,4.31564969625289,74404,321101.6,13/06/2022,4.48
13/06/2022,4.4,4.48,4.48,4.35,4.381785404218375,39162,171599.48,10/06/2022,4.5
10/06/2022,4.5,4.5,4.5,4.5,4.50218023255814,2752,12390,09/06/2022,4.5
09/06/2022,4.5,4.5,4.5,4.5,4.502516989680342,7946,35777,08/06/2022,4.55
08/06/2022,4.45,4.55,4.55,4.45,4.451208935307319,4066967,18102919.85,07/06/2022,4.45
07/06/2022,4.45,4.45,4.45,4.45,4.45,9000,40050,06/06/2022,4.5
06/06/2022,4.5,4.5,4.5,4.5,4.500701910828026,31400,141322.04,03/06/2022,4.55
03/06/2022,4.5,4.55,4.55,4.5,4.530730410245279,27642,125238.45,02/06/2022,4.55
02/06/2022,4.62,4.55,4.62,4.54,4.566667123612029,80243,366443.07,01/06/2022,4.59
01/06/2022,4.61,4.59,4.61,4.59,4.594571428571429,26600,122215.6,31/05/2022,4.75
31/05/2022,4.76,4.75,4.76,4.75,4.754817204301076,23250,110549.5,30/05/2022,4.76
30/05/2022,4.76,4.76,4.76,4.76,4.76,5573,26527.48,27/05/2022,4.76
27/05/2022,4.75,4.76,4.8,4.75,4.76469339744852,96493,459759.56,26/05/2022,4.7
26/05/2022,4.55,4.7,4.7,4.55,4.598879138498873,92304,424494.94,24/05/2022,4.45
25/05/2022,,,,,,,,24/05/2022,4.45
24/05/2022,4.45,4.45,4.46,4.45,4.45182959317289,110735,492973.35,23/05/2022,4.45
23/05/2022,4.45,4.45,4.45,4.4,4.440803993694167,57090,253525.5,20/05/2022,4.45
20/05/2022,4.45,4.45,4.45,4.45,4.44204523107178,10170,45175.6,19/05/2022,4.45
19/05/2022,4.44,4.45,4.45,4.44,4.449131250651562,57554,256065.3,18/05/2022,4.35
18/05/2022,4.4,4.35,4.45,4.35,4.386520185200228,49244,216009.8,17/05/2022,4.55
17/05/2022,4.7,4.55,4.7,4.55,4.611591811793462,65460,301874.8,16/05/2022,4.51
16/05/2022,4.5,4.51,4.51,4.5,4.501579707272882,70646,318018.6,13/05/2022,4.61
13/05/2022,4.6,4.61,4.7,4.6,4.643056633637606,92242,428284.83,12/05/2022,4.59
12/05/2022,4.7,4.59,4.7,4.5,4.6849842428321535,285267,1336471.4,11/05/2022,4.7
11/05/2022,4.52,4.7,4.85,4.52,4.687110629291208,116226,544764.12,10/05/2022,4.52
10/05/2022,4.6,4.52,4.6,4.4,4.516973127569564,167830,758083.6,09/05/2022,4.6
09/05/2022,4.8,4.6,4.8,4.6,4.761724006220501,36653,174531.47,06/05/2022,4.95
06/05/2022,4.95,4.95,4.95,4.83,4.90179737059851,174032,853069.6,05/05/2022,4.95
05/05/2022,5.4,4.95,5.4,4.95,5.040651413149856,134876,679862.9,04/05/2022,5.4
04/05/2022,5.4,5.4,5.4,5.4,5.399926641398704,40895,220830,03/05/2022,5.5
03/05/2022,5.5,5.5,5.5,5.5,5.5,9000,49500,02/05/2022,5.5
02/05/2022,5.5,5.5,5.5,5.5,5.500010575775431,66189,364040.2,29/04/2022,5.7
29/04/2022,5.75,5.7,5.75,5.7,5.725154391226649,208723,1194971.4,28/04/2022,5.75
28/04/2022,5.75,5.75,5.75,5.75,5.75,517445,2975308.75,27/04/2022,5.75
27/04/2022,5.65,5.75,5.8,5.65,5.740840493210262,2377485,13648762.16,26/04/2022,5.45
26/04/2022,5.36,5.45,5.45,5.2,5.29155625735982,520563,2754588.4,25/04/2022,5.36
25/04/2022,5.4,5.36,5.4,5.18,5.245429535994804,585015,3068654.96,22/04/2022,5.6
22/04/2022,5.78,5.6,5.78,5.6,5.702114899351405,261951,1493674.7,21/04/2022,5.79
21/04/2022,5.77,5.79,5.8,5.77,5.784722017891465,126429,731356.62,20/04/2022,5.79
20/04/2022,5.8,5.79,5.8,5.78,5.7973678389736785,45210,262099,19/04/2022,5.8
19/04/2022,5.7,5.8,5.8,5.7,5.750254084942705,298719,1717710.15,18/04/2022,5.7
18/04/2022,5.9,5.7,5.9,5.65,5.68908237970005,140690,800397,13/04/2022,5.9
13/04/2022,5.98,5.9,5.98,5.9,5.9189493218036775,104542,618778.8,12/04/2022,6.1
12/04/2022,6.1,6.1,6.15,6.1,6.112862741650527,352627,2155560.45,11/04/2022,6.1
11/04/2022,6.1,6.1,6.12,6.1,6.100250941028858,79700,486190,08/04/2022,6.15
08/04/2022,6.2,6.15,6.2,6.1,6.153062690021867,210831,1297256.36,07/04/2022,6.2
07/04/2022,6.3,6.2,6.3,6.2,6.233587578545781,106944,666644.79,06/04/2022,6.22
06/04/2022,6.2,6.22,6.25,6.2,6.223773037896045,86922,540982.8,05/04/2022,6.2
05/04/2022,6.2,6.2,6.2,6.2,6.203607992656923,14163,87861.7,04/04/2022,6.2
04/04/2022,6.15,6.2,6.2,6.15,6.192915236864389,89756,555851.3,01/04/2022,6.15
01/04/2022,6.2,6.15,6.22,6.15,6.194863142857143,280000,1734561.68,31/03/2022,6.13
31/03/2022,6.18,6.13,6.18,6.13,6.146900344615966,21183,130209.79,30/03/2022,6.18
30/03/2022,6.2,6.18,6.25,6.18,6.201415909155269,35313,218990.6,29/03/2022,6.18
29/03/2022,6.25,6.18,6.25,6.18,6.220587137239285,80356,499861.5,28/03/2022,6.25
28/03/2022,6.3,6.25,6.3,6.25,6.2696762816035765,57272,359076.9,25/03/2022,6.28
25/03/2022,6.25,6.28,6.3,6.25,6.276608713147617,541756,3400390.43,24/03/2022,6.25
24/03/2022,6.4,6.25,6.4,6.24,6.24503422590118,97733,610345.93,23/03/2022,6.25
23/03/2022,6.28,6.25,6.28,6.2,6.229684155218256,662319,4126038.18,22/03/2022,6.25
22/03/2022,6.25,6.25,6.4,6.25,6.381094024355707,141240,901265.72,21/03/2022,6.25
21/03/2022,6.12,6.25,6.25,6.12,6.193330342163786,25631,158741.25,18/03/2022,6.1
18/03/2022,6.1,6.1,6.11,6.1,6.100014574653318,2058368,12556074.8,17/03/2022,6.1
17/03/2022,6.1,6.1,6.15,6.1,6.100116202027631,5047072,30787725.68,16/03/2022,6
16/03/2022,6,6,6,5.98,5.980688707444684,2081203,12447027.28,15/03/2022,6
15/03/2022,6.1,6,6.1,5.9,6.052712728551336,56880,344278.3,14/03/2022,6.1
14/03/2022,6.15,6.1,6.18,6.1,6.141911112719639,276305,1697040.75,11/03/2022,6.15
11/03/2022,6.1,6.15,6.15,6.06,6.092665591831251,111645,680215.65,10/03/2022,6.1
10/03/2022,6.15,6.1,6.15,6.07,6.121882389545737,64280,393514.6,09/03/2022,6.05
09/03/2022,6,6.05,6.05,6,6.034649122807018,57000,343975,08/03/2022,5.95
08/03/2022,5.95,5.95,5.99,5.9,5.950009560744774,1057449,6291831.66,07/03/2022,6
07/03/2022,6.05,6,6.2,6,6.007504354576991,1157977,6956551.87,04/03/2022,6
04/03/2022,5.95,6,6.05,5.95,5.999821069193897,1065831,6394795.29,03/03/2022,5.95
03/03/2022,6.1,5.95,6.11,5.95,6.053466678823553,2314189,14008866,02/03/2022,6.05
02/03/2022,6.05,6.05,6.1,6,6.041711137199743,356903,2156304.83,01/03/2022,6.1
01/03/2022,5.8,6.1,6.15,5.7,5.9573226470571825,358466,2135497.62,28/02/2022,5.7
28/02/2022,5.67,5.7,5.7,5.67,5.696846196916185,46436,264538.75,25/02/2022,5.7
25/02/2022,5.5,5.7,5.7,5.5,5.642358820589705,98049,553227.64,24/02/2022,5.5
24/02/2022,5.56,5.5,5.56,5.4,5.4792675427994695,235809,1292060.6,23/02/2022,5.63
23/02/2022,5.6,5.63,5.66,5.6,5.633137444251026,78701,443333.55,22/02/2022,5.6
22/02/2022,5.6,5.6,5.6,5.55,5.598686719646066,855301,4788562.35,21/02/2022,5.6
21/02/2022,5.7,5.6,5.7,5.6,5.61728126007571,251223,1411190.25,18/02/2022,5.76
18/02/2022,5.9,5.76,5.9,5.75,5.797477215054148,55958,324415.23,17/02/2022,5.9
17/02/2022,5.7,5.9,6,5.7,5.851148395466148,214299,1253895.25,16/02/2022,5.7
16/02/2022,5.5,5.7,5.7,5.36,5.597967105693367,15521835,86890721.75,15/02/2022,5.35
15/02/2022,4.95,5.35,5.36,4.95,5.2760377390373625,5562781,29349442.49,14/02/2022,4.95
14/02/2022,5.1,4.95,5.1,4.95,4.956607843137255,76500,379180.5,11/02/2022,5.1
11/02/2022,5.1,5.1,5.1,5.09,5.099415773583573,56639,288825.81,10/02/2022,5.08
10/02/2022,5.08,5.08,5.1,5.05,5.07872745153471,332506,1688707.35,09/02/2022,5.08
09/02/2022,5,5.08,5.12,5,5.085792599020641,483990,2461472.76,08/02/2022,5
08/02/2022,4.8,5,5,4.8,4.940237403522395,298774,1476014.49,07/02/2022,4.76
07/02/2022,4.75,4.76,4.76,4.75,4.752998500749626,44689,212406.75,04/02/2022,4.75
04/02/2022,4.8,4.75,4.8,4.7,4.710819653120538,275946,1299931.84,03/02/2022,4.72
03/02/2022,4.8,4.72,4.8,4.72,4.7588888888888885,13500,64245,02/02/2022,4.8
02/02/2022,4.75,4.8,4.81,4.75,4.797101175556594,597249,2865063.88,01/02/2022,4.75
01/02/2022,4.74,4.75,4.75,4.59,4.72528636122709,107539,508152.57,31/01/2022,4.77
31/01/2022,4.69,4.77,4.8,4.69,4.786473755993307,355605,1702094,28/01/2022,4.65
28/01/2022,4.63,4.65,4.65,4.63,4.630671578562648,240776,1114954.58,27/01/2022,4.63
27/01/2022,4.59,4.63,4.65,4.55,4.616200082653483,130666,603180.4,26/01/2022,4.63
26/01/2022,4.65,4.63,4.65,4.6,4.636051576641732,48394,224357.08,25/01/2022,4.65
25/01/2022,4.68,4.65,4.68,4.64,4.644815806552167,391382,1817897.3,24/01/2022,4.68
24/01/2022,4.73,4.68,4.73,4.65,4.662399966503618,203007,946499.83,21/01/2022,4.73
21/01/2022,4.65,4.73,4.74,4.65,4.705796975478244,407271,1916534.64,20/01/2022,4.75
20/01/2022,4.75,4.75,4.75,4.74,4.745460354479619,232397,1102830.75,19/01/2022,4.75
19/01/2022,4.75,4.75,4.76,4.74,4.750986318885054,156420,743149.28,18/01/2022,4.73
18/01/2022,4.66,4.73,4.73,4.66,4.687693026526401,108081,506650.55,17/01/2022,4.66
17/01/2022,4.75,4.66,4.75,4.66,4.7456451730952205,27326,129679.5,14/01/2022,4.75
14/01/2022,4.73,4.75,4.75,4.73,4.731076459324701,52747,249550.09,13/01/2022,4.75
13/01/2022,4.8,4.75,4.8,4.72,4.750401672528011,195632,929330.58,12/01/2022,4.8
12/01/2022,4.8,4.8,4.82,4.74,4.787846729700825,518026,2480229.09,11/01/2022,4.75
11/01/2022,4.65,4.75,4.83,4.65,4.778984853138947,774814,3702824.37,10/01/2022,4.65
10/01/2022,4.55,4.65,4.65,4.55,4.601055376335943,198081,911381.65,07/01/2022,4.5
07/01/2022,4.45,4.5,4.6,4.45,4.5612863385034705,679479,3099298.28,06/01/2022,4.41
06/01/2022,4.5,4.41,4.5,4.41,4.444393388526289,136974,608766.34,05/01/2022,4.5
05/01/2022,4.47,4.5,4.6,4.45,4.490566669009247,2575507,11565485.89,04/01/2022,4.47
04/01/2022,4.05,4.47,4.47,4.05,4.465380798940346,11125136,49677968.68,03/01/2022,4.04
03/01/2022,4,4.04,4.04,3.99,4.014882395812628,75465,302983.1,31/12/2021,3.95
31/12/2021,3.98,3.95,3.98,3.95,3.962572271386431,169500,671656,30/12/2021,3.95
30/12/2021,3.94,3.95,4,3.94,3.9435374149659865,529200,2086920,29/12/2021,3.94
29/12/2021,3.94,3.94,3.94,3.93,3.9349370131259365,317844,1250696.12,28/12/2021,3.94
28/12/2021,3.94,3.94,3.95,3.94,3.94017385521963,478214,1884246.3,27/12/2021,3.94
27/12/2021,3.94,3.94,3.99,3.94,3.9421648027221097,159876,630257.54,23/12/2021,3.9
24/12/2021,,,,,,,,23/12/2021,3.9
23/12/2021,3.9,3.9,3.91,3.9,3.9002431062026814,158367,617669.8,22/12/2021,3.86
22/12/2021,3.85,3.86,3.86,3.85,3.8503971001506945,98212,378155.2,21/12/2021,3.85
21/12/2021,3.87,3.85,3.87,3.85,3.8509232917357537,68754,264766.38,20/12/2021,3.85
20/12/2021,3.83,3.85,3.85,3.83,3.8476480964280464,68030,261755.5,17/12/2021,3.83
17/12/2021,3.85,3.83,3.85,3.83,3.843149079526259,104783,402696.69,16/12/2021,3.86
16/12/2021,3.85,3.86,3.86,3.83,3.849919710890053,12147351,46766326.05,15/12/2021,3.86
15/12/2021,3.87,3.86,3.87,3.85,3.8546919431279623,21100,81334,14/12/2021,3.84
14/12/2021,3.9,3.84,3.9,3.84,3.876717948717949,31200,120953.6,13/12/2021,3.87
13/12/2021,3.81,3.87,3.87,3.81,3.864708994708995,14742,56973.54,10/12/2021,3.81
10/12/2021,3.8,3.81,4.05,3.8,3.8582233594142745,387895,1496585.55,09/12/2021,3.8
09/12/2021,3.75,3.8,3.8,3.72,3.756487987228684,100851,378845.57,07/12/2021,3.72
07/12/2021,3.64,3.72,3.72,3.64,3.691318202451203,55075,203299.35,06/12/2021,3.57
06/12/2021,3.59,3.57,3.59,3.57,3.5818635689569946,10115,36230.55,03/12/2021,3.59
03/12/2021,3.66,3.59,3.66,3.55,3.596258914896579,64639,232458.58,02/12/2021,3.6
02/12/2021,3.9,3.95,3.96,3.85,3.930949283948764,1865090,7331574.2,01/12/2021,3.78
01/12/2021,3.95,3.78,4,3.78,3.903595914747344,363062,1417247.34,30/11/2021,3.95
30/11/2021,3.85,3.95,4,3.85,3.969176705730731,183118,726827.7,29/11/2021,3.8
29/11/2021,3.85,3.8,3.9,3.8,3.8574080022515704,326883,1260921.1,26/11/2021,3.78
26/11/2021,3.8,3.78,3.85,3.75,3.794186587444831,1018911,3865938.45,25/11/2021,3.9
25/11/2021,3.9,3.9,3.9,3.9,3.9,22711,88572.9,24/11/2021,3.9
24/11/2021,3.9,3.9,3.92,3.9,3.9108281488437613,102228,399796.14,23/11/2021,3.9
23/11/2021,3.8,3.9,3.91,3.8,3.8749279261158884,119322,462364.15,22/11/2021,3.8
22/11/2021,3.8,3.8,3.82,3.75,3.7936678162606396,1553592,5893811.97,19/11/2021,3.85
19/11/2021,3.9,3.85,3.9,3.85,3.871705296085861,532582,2062000.55,18/11/2021,3.85
18/11/2021,3.6,3.85,3.9,3.6,3.753043661138755,10546358,39580942.04,17/11/2021,3.56
17/11/2021,3.36,3.56,3.56,3.36,3.4492535052030058,260042,896950.78,16/11/2021,3.35
16/11/2021,3.2,3.35,3.35,3.2,3.3182948582844847,4919292,16323661.35,15/11/2021,3.19
15/11/2021,3.19,3.19,3.19,3.18,3.1857361151924772,17015,54205.3,12/11/2021,3.18
12/11/2021,3.14,3.18,3.2,3.14,3.176371101957937,155623,494316.4,11/11/2021,3.14
11/11/2021,3.15,3.14,3.15,3.14,3.147402468891473,80846,254454.9,10/11/2021,3.1
10/11/2021,3.12,3.1,3.15,3.1,3.1271895253109125,22836,71412.5,09/11/2021,3.15
09/11/2021,3.15,3.15,3.15,3.15,3.15,1546918,4872791.7,08/11/2021,3.15
08/11/2021,3.2,3.15,3.2,3.15,3.182391886181152,14198,45183.6,05/11/2021,3.2
05/11/2021,3.11,3.2,3.22,3.11,3.1531033615909947,71603,225771.66,04/11/2021,3.1
04/11/2021,3.1,3.1,3.1,3.1,3.0995248841905214,84190,260949,03/11/2021,3.1
03/11/2021,3.05,3.1,3.1,3.05,3.0844032467353193,36221,111720.17,02/11/2021,3.1
02/11/2021,3.1,3.1,3.1,3.09,3.099264265704747,104236,323054.91,29/10/2021,3.1
29/10/2021,3.09,3.1,3.1,3.09,3.101178861788618,12300,38144.5,28/10/2021,3.1
28/10/2021,3.1,3.1,3.1,3.1,3.1,2750,8525,27/10/2021,3.15
27/10/2021,3.15,3.15,3.15,3.15,3.149891367830861,77049,242695.98,26/10/2021,3.15
26/10/2021,3.18,3.15,3.19,3.15,3.1779210869390604,161849,514343.35,25/10/2021,3.18
25/10/2021,3.16,3.18,3.2,3.16,3.1832344284051395,134877,429345.11,22/10/2021,3.16
22/10/2021,3.1,3.16,3.19,3.1,3.1567192858944577,265619,838484.62,21/10/2021,3.08
21/10/2021,3.15,3.08,3.15,3.08,3.1071191199884205,69090,214670.86,20/10/2021,3.2
20/10/2021,3.16,3.2,3.2,3.12,3.1628904203997243,43530,137680.62,19/10/2021,3.16
19/10/2021,3.2,3.16,3.25,3.16,3.209967819685158,152267,488772.17,18/10/2021,3.2
18/10/2021,3,3.2,3.2,3,3.1221134720955708,326794,1020287.95,15/10/2021,2.99
15/10/2021,2.98,2.99,3,2.89,2.975003225178921,195338,581131.18,14/10/2021,2.95
14/10/2021,2.95,2.95,2.97,2.95,2.951019830028329,35300,104171,13/10/2021,2.87
13/10/2021,2.87,2.87,2.87,2.87,2.873877777777778,22500,64662.25,12/10/2021,2.85
12/10/2021,2.83,2.85,2.85,2.83,2.841666492656783,57468,163304.89,11/10/2021,2.85
11/10/2021,2.75,2.85,2.85,2.75,2.8267216987254367,269661,762256.6,07/10/2021,2.75
07/10/2021,2.65,2.75,2.75,2.6,2.6316392005260747,150549,396190.65,06/10/2021,2.6
06/10/2021,2.6,2.6,2.6,2.6,2.6,5723,14879.8,05/10/2021,2.6
05/10/2021,2.6,2.6,2.6,2.6,2.6,75800,197080,01/10/2021,2.65
04/10/2021,,,,,,,,01/10/2021,2.65
01/10/2021,2.65,2.65,2.65,2.65,2.65,45205,119793.25,29/09/2021,2.66
30/09/2021,,,,,,,,29/09/2021,2.66
29/09/2021,2.66,2.66,2.66,2.66,2.657142857142857,2100,5580,28/09/2021,2.66
28/09/2021,2.7,2.66,2.7,2.66,2.6633652426938808,23713,63156.38,27/09/2021,2.7
27/09/2021,2.7,2.7,2.7,2.7,2.7,68810,185787,24/09/2021,2.69
24/09/2021,2.69,2.69,2.69,2.68,2.684408087069846,56782,152426.06,23/09/2021,2.65
23/09/2021,2.65,2.65,2.65,2.64,2.6485521837523835,112238,297268.2,20/09/2021,2.6
22/09/2021,,,,,2.65,1575,4173.75,20/09/2021,2.6
21/09/2021,,,,,,,,20/09/2021,2.6
20/09/2021,2.6,2.6,2.6,2.55,2.5914537768792503,54410,141001,17/09/2021,2.7
17/09/2021,2.6,2.7,2.7,2.6,2.6918924634685477,271889,731895.95,16/09/2021,2.6
16/09/2021,2.6,2.6,2.6,2.6,2.6,95777,249020.2,15/09/2021,2.6
15/09/2021,2.6,2.6,2.6,2.6,2.5988896986101713,19211,49927.27,14/09/2021,2.6
14/09/2021,2.6,2.6,2.6,2.6,2.6,23000,59800,13/09/2021,2.68
13/09/2021,2.68,2.68,2.68,2.68,2.68,250000,670000,10/09/2021,2.65
10/09/2021,2.65,2.65,2.68,2.6,2.629532810056538,66504,174874.45,09/09/2021,2.6
09/09/2021,2.6,2.6,2.65,2.6,2.610598764785931,9553,24939.05,08/09/2021,2.6
08/09/2021,2.62,2.6,2.62,2.6,2.602537550804029,254655,662749.2,07/09/2021,2.6
07/09/2021,2.68,2.6,2.68,2.6,2.608888888888889,45000,117400,06/09/2021,2.7
06/09/2021,2.7,2.7,2.7,2.7,2.6947619047619047,5250,14147.5,03/09/2021,2.6
03/09/2021,2.6,2.6,2.6,2.6,2.6,11630,30238,02/09/2021,2.61
02/09/2021,2.63,2.61,2.68,2.61,2.632429558162482,45605,120051.95,01/09/2021,2.6
01/09/2021,2.58,2.6,2.6,2.58,2.597657664052241,28177,73194.2,31/08/2021,2.58
31/08/2021,2.51,2.58,2.6,2.51,2.59271719038817,108200,280532,27/08/2021,2.45
27/08/2021,2.45,2.45,2.45,2.45,2.45,36000,88200,26/08/2021,2.3
26/08/2021,2.25,2.3,2.3,2.25,2.264721253627006,119589,270835.75,25/08/2021,2.25
25/08/2021,2.25,2.25,2.25,2.2,2.2464847320194044,42671,95859.75,24/08/2021,2.25
24/08/2021,2.3,2.25,2.3,2.18,2.216666095376837,46678,103469.54,23/08/2021,2.12
23/08/2021,2.05,2.12,2.12,2.05,2.0892662162162163,37000,77302.85,20/08/2021,2.02
20/08/2021,2.02,2.02,2.02,2,2.0121551847097416,28044,56428.88,17/08/2021,2.07
19/08/2021,,,,,,,,17/08/2021,2.07
18/08/2021,,,,,,,,17/08/2021,2.07
17/08/2021,2,2.07,2.07,2,2.015235058950547,127819,257585.33,16/08/2021,2
16/08/2021,2,2,2,2,2,45175,90350,13/08/2021,2
13/08/2021,2,2,2,2,1.9995377741256226,194710,389330,12/08/2021,2.05
12/08/2021,2.05,2.05,2.05,2.05,2.047735849056604,4770,9767.7,11/08/2021,2.08
11/08/2021,2.1,2.08,2.1,2,2.0944185371048682,619730,1297974,10/08/2021,2.1
10/08/2021,2.15,2.1,2.16,2.1,2.1482476705493134,727854,1563610.66,06/08/2021,2.1
09/08/2021,,,,,,,,06/08/2021,2.1
06/08/2021,2.12,2.1,2.12,2.1,2.103241262683202,35480,74623,04/08/2021,2.13
05/08/2021,,,,,,,,04/08/2021,2.13
04/08/2021,2.17,2.13,2.17,2.13,2.131868,500000,1065934,03/08/2021,2.14
03/08/2021,2.13,2.14,2.14,2.13,2.1304693113688153,532738,1134981.96,02/08/2021,2.1
02/08/2021,2.12,2.1,2.12,2.1,2.1016686133822793,35958,75571.8,30/07/2021,2.09
30/07/2021,2.05,2.09,2.09,2.04,2.07213523890785,46880,97141.7,27/07/2021,2.3
27/07/2021,2.25,2.3,2.3,2.2,2.269207892619557,203836,462546.26,26/07/2021,2.26
26/07/2021,2.25,2.26,2.27,2.25,2.2644504837755886,158958,359952.52,23/07/2021,2.25
23/07/2021,2.26,2.25,2.26,2.25,2.250359568232182,27978,62960.56,22/07/2021,2.3
22/07/2021,2.34,2.3,2.34,2.3,2.322763262453446,313347,727830.9,21/07/2021,2.34
21/07/2021,2.3,2.34,2.38,2.3,2.356806596701649,200100,471597,20/07/2021,2.25
20/07/2021,2.2,2.25,2.25,2.2,2.215009810333551,61160,135470,19/07/2021,2.21
19/07/2021,2.3,2.21,2.3,2.21,2.2809301796679553,21985,50146.25,15/07/2021,2.3
16/07/2021,,,,,2.3,1400,3220,15/07/2021,2.3
15/07/2021,2.3,2.3,2.3,2.2,2.299694660699844,5220422,12005376.6,14/07/2021,2.3
14/07/2021,2.3,2.3,2.3,2.3,2.3,2345,5393.5,13/07/2021,2.3
13/07/2021,2.29,2.3,2.3,2.25,2.297618521250539,456859,1049687.7,12/07/2021,2.3
12/07/2021,2.39,2.3,2.39,2.3,2.380844009246457,555456,1322454.09,09/07/2021,2.39
09/07/2021,2.39,2.39,2.42,2.39,2.392655175779132,368872,882583.5,08/07/2021,2.39
08/07/2021,2.44,2.39,2.44,2.38,2.4022051504433932,251357,603811.08,07/07/2021,2.44
07/07/2021,2.46,2.44,2.46,2.44,2.455260663507109,21100,51806,06/07/2021,2.46
06/07/2021,2.47,2.46,2.47,2.46,2.466910569105691,12300,30343,05/07/2021,2.47
05/07/2021,2.49,2.47,2.49,2.47,2.481478014396002,26813,66535.87,02/07/2021,2.52
02/07/2021,2.57,2.52,2.57,2.52,2.5437538370135657,50495,128446.85,01/07/2021,2.57
01/07/2021,2.6,2.57,2.6,2.56,2.5682076070209363,231707,595071.68,30/06/2021,2.62
30/06/2021,2.62,2.62,2.64,2.6,2.6234309824801,396863,1041142.69,28/06/2021,2.58
28/06/2021,2.47,2.58,2.58,2.47,2.5376011703618233,48532,123154.86,25/06/2021,2.45
25/06/2021,2.45,2.45,2.45,2.45,2.45,75100,183995,24/06/2021,2.48
24/06/2021,2.48,2.48,2.48,2.48,2.48,63926,158536.48,23/06/2021,2.48
23/06/2021,2.51,2.48,2.51,2.48,2.4981203007518795,39900,99675,22/06/2021,2.51
22/06/2021,2.51,2.51,2.51,2.51,2.51,2770,6952.7,21/06/2021,2.51
21/06/2021,2.6,2.51,2.6,2.51,2.591139881589272,112152,290601.52,18/06/2021,2.54
18/06/2021,2.57,2.54,2.57,2.54,2.5426278831017726,73055,185751.68,17/06/2021,2.56
17/06/2021,2.58,2.56,2.58,2.51,2.5503215802128096,312768,797658.98,16/06/2021,2.59
16/06/2021,2.65,2.59,2.65,2.55,2.5823628936746186,206865,534200.5,15/06/2021,2.62
15/06/2021,2.64,2.62,2.64,2.59,2.6065250887110922,74117,193187.82,14/06/2021,2.64
14/06/2021,2.64,2.64,2.64,2.54,2.572871638597572,123386,317456.34,11/06/2021,2.64
11/06/2021,2.66,2.64,2.66,2.63,2.64250270048795,26847,70943.27,10/06/2021,2.68
10/06/2021,2.56,2.68,2.68,2.56,2.6334104654220356,15212,40059.44,09/06/2021,2.61
09/06/2021,2.55,2.61,2.61,2.55,2.5534979902879074,109966,280797.96,08/06/2021,2.62
08/06/2021,2.7,2.62,2.75,2.62,2.6985547970886925,376051,1014794.23,07/06/2021,2.6
07/06/2021,2.85,2.6,2.85,2.55,2.6241290577607232,518605,1360886.45,04/06/2021,3
04/06/2021,2.82,3,3.05,2.82,2.996535812010444,478750,1434591.52,03/06/2021,2.76
03/06/2021,2.7,2.76,2.79,2.7,2.728378906970233,732185,1997678.11,02/06/2021,2.71
02/06/2021,2.72,2.71,2.72,2.71,2.7146183953033267,25550,69358.5,01/06/2021,2.72
01/06/2021,3.1,3.05,3.1,3.02,3.0810543101240775,42957,132352.85,31/05/2021,3.13
31/05/2021,3.1,3.13,3.15,3.1,3.130930949671451,136205,426448.45,28/05/2021,3.06
28/05/2021,2.84,3.06,3.1,2.84,3.0352272287009416,232299,705080.25,27/05/2021,2.71
27/05/2021,2.8,2.71,2.8,2.71,2.763289823091596,26737,73882.08,26/05/2021,2.84
26/05/2021,2.86,2.84,2.87,2.84,2.8560377358490565,84800,242192,25/05/2021,2.87
25/05/2021,2.9,2.87,2.9,2.86,2.869491463478306,95765,274796.85,21/05/2021,2.9
24/05/2021,,,,,,,,21/05/2021,2.9
21/05/2021,3.05,2.9,3.05,2.9,2.9372219692603263,1041000,3057648.07,20/05/2021,3.09
20/05/2021,3.12,3.09,3.14,3.09,3.1011129194232545,2068227,6413805.47,19/05/2021,3.12
19/05/2021,3.17,3.12,3.17,3.1,3.131099931276322,170247,533060.37,18/05/2021,3.18
18/05/2021,3.2,3.18,3.2,3.16,3.180925024411946,703549,2237936.62,17/05/2021,3.18
17/05/2021,3.22,3.18,3.23,3.18,3.204988233432871,252835,810333.2,14/05/2021,3.22
14/05/2021,3.22,3.22,3.24,3.21,3.220621219077796,1585592,5106591.24,13/05/2021,3.24
13/05/2021,3.24,3.24,3.24,3.23,3.2396402240090425,77854,252218.95,12/05/2021,3.25
12/05/2021,3.1,3.25,3.25,3.1,3.244295023781035,10464431,33949701.42,11/05/2021,3.1
11/05/2021,3.22,3.1,3.22,3.1,3.133998500959132,78717,246698.96,10/05/2021,3.2
10/05/2021,3.02,3.2,3.27,3.02,3.1574191903694087,211825,668820.32,07/05/2021,3.01
07/05/2021,2.9,3.01,3.1,2.9,3.0875088462916263,6054797,18694239.3,06/05/2021,2.88
06/05/2021,3,2.88,3,2.88,2.9180163243201425,258510,754336.4,05/05/2021,2.96
05/05/2021,2.75,2.96,2.96,2.75,2.933238623332807,5493964,16115107.4,04/05/2021,2.75
04/05/2021,2.8,2.75,2.8,2.75,2.7554479880580103,183554,505773.5,03/05/2021,2.75
03/05/2021,2.8,2.75,2.8,2.75,2.751231642189586,299600,824269,30/04/2021,2.8
30/04/2021,2.56,2.8,2.8,2.56,2.7913902398813706,5501511,15356864.11,29/04/2021,2.52
29/04/2021,2.24,2.52,2.52,2.24,2.4578765187205556,141155,346941.56,28/04/2021,2.24
28/04/2021,2.16,2.24,2.24,2.16,2.210320434349536,561207,1240447.3,27/04/2021,2.15
27/04/2021,2.19,2.15,2.19,2.15,2.1704,25000,54260,26/04/2021,2.19
26/04/2021,2.18,2.19,2.19,2.15,2.1700970682849396,854244,1853792.4,23/04/2021,2.2
23/04/2021,2.27,2.2,2.27,2.2,2.205208333333333,145920,321784,22/04/2021,2.28
22/04/2021,2.3,2.28,2.3,2.15,2.189027676098049,815469,1785084.21,21/04/2021,2.4
21/04/2021,2.44,2.4,2.5,2.4,2.4456460451276967,241980,591797.43,20/04/2021,2.4
20/04/2021,2.5,2.4,2.5,2.27,2.3702406263107925,1456657,3452627.6,19/04/2021,2.55
19/04/2021,2.72,2.55,2.72,2.5,2.5476891410884708,1163100,2963217.24,16/04/2021,2.75
16/04/2021,2.75,2.75,2.75,2.71,2.7469978858350954,56760,155919.6,15/04/2021,2.75
15/04/2021,2.75,2.75,2.8,2.74,2.7529056436139547,529005,1456300.85,14/04/2021,2.75
14/04/2021,2.8,2.75,2.8,2.75,2.759240640525195,225440,622043.21,13/04/2021,2.8
13/04/2021,2.82,2.8,2.83,2.8,2.821579358483256,160027,451528.88,12/04/2021,2.82
12/04/2021,2.81,2.82,2.82,2.7,2.774598573810622,56374,156415.22,09/04/2021,2.92
09/04/2021,2.9,2.92,2.92,2.9,2.910295442501325,15096,43933.82,08/04/2021,2.92
08/04/2021,2.86,2.92,2.93,2.86,2.9158984213493704,106420,310309.91,07/04/2021,2.86
07/04/2021,2.86,2.86,2.86,2.86,2.86,71050,203203,06/04/2021,2.86
06/04/2021,2.82,2.86,2.86,2.82,2.8488226024813015,90114,256718.8,05/04/2021,2.83
05/04/2021,2.8,2.83,2.83,2.8,2.800681212121212,519750,1455654.06,31/03/2021,2.75
31/03/2021,2.7,2.75,2.75,2.7,2.7311894614490506,5162,14098.4,30/03/2021,2.75
30/03/2021,2.74,2.75,2.75,2.55,2.7203845397899613,188251,512115.11,29/03/2021,2.74
29/03/2021,2.7,2.74,2.74,2.7,2.717035974679363,1265529,3438487.82,25/03/2021,2.74
26/03/2021,,,,,,,,25/03/2021,2.74
25/03/2021,2.74,2.74,2.74,2.74,2.7400784826684106,191125,523697.5,24/03/2021,2.77
24/03/2021,2.79,2.77,2.79,2.75,2.769123565920632,159510,441702.9,23/03/2021,2.79
23/03/2021,2.8,2.79,2.8,2.75,2.7614538454083295,113499,313422.25,22/03/2021,2.8
22/03/2021,2.8,2.8,2.8,2.77,2.7904705357554875,390066,1088467.68,19/03/2021,2.82
19/03/2021,2.82,2.82,2.82,2.82,2.82,173075,488071.5,18/03/2021,2.82
18/03/2021,2.85,2.82,2.85,2.82,2.837380922138956,39365,111693.5,17/03/2021,2.85
17/03/2021,2.8,2.85,2.85,2.79,2.8025885276454754,338030,947359,16/03/2021,2.8
16/03/2021,2.8,2.8,2.8,2.8,2.8,92958,260282.4,15/03/2021,2.82
15/03/2021,2.84,2.82,2.85,2.82,2.8498102713578604,1307130,3725072.5,12/03/2021,2.85
12/03/2021,2.9,2.85,2.9,2.85,2.8931777254467375,57752,167086.8,11/03/2021,2.9
11/03/2021,2.84,2.9,2.9,2.8,2.826393508872764,222704,629449.14,10/03/2021,2.85
10/03/2021,2.9,2.85,2.9,2.85,2.8754077704509,56110,161339.13,09/03/2021,2.88
09/03/2021,2.85,2.88,2.88,2.85,2.8740255124205203,50642,145546.4,08/03/2021,2.83
08/03/2021,2.9,2.83,2.9,2.83,2.8690940345069076,314140,901297.2,05/03/2021,2.9
05/03/2021,2.9,2.9,2.92,2.9,2.904081853616284,92360,268221,03/03/2021,2.96
04/03/2021,,,,,,,,03/03/2021,2.96
03/03/2021,3.02,2.96,3.02,2.85,2.8752561396341183,3172176,9120818.52,02/03/2021,3.02
02/03/2021,3.05,3.02,3.05,3.01,3.0274227808299936,117037,354320.48,01/03/2021,3.02
01/03/2021,3.09,3.02,3.09,3,3.029620314190905,194977,590706.28,26/02/2021,3.1
26/02/2021,3.08,3.1,3.1,3.08,3.097408906882591,74100,229518,25/02/2021,3.15
25/02/2021,3.15,3.15,3.15,3.09,3.146080313290558,168789,531023.75,24/02/2021,3.15
24/02/2021,3.15,3.15,3.15,3.14,3.148453947120423,132641,417614.08,23/02/2021,3.15
23/02/2021,3.15,3.15,3.16,3.14,3.150147792561234,185192,583382.17,22/02/2021,3.16
22/02/2021,3.2,3.16,3.2,3.1,3.1535114616635167,128559,405412.28,19/02/2021,3.05
19/02/2021,3.06,3.05,3.2,3,3.111433893655705,783775,2438664.1,18/02/2021,3
18/02/2021,2.88,3,3,2.85,2.9992196061139054,10320801,30954348.71,17/02/2021,2.84
17/02/2021,2.84,2.84,2.84,2.84,2.8406605504587157,81750,232224,16/02/2021,2.9
16/02/2021,2.7,2.9,2.9,2.7,2.7848465470299395,3818727,10634568.7,15/02/2021,2.68
15/02/2021,2.56,2.68,2.7,2.56,2.6836384913092264,218335,585932.21,12/02/2021,2.5
12/02/2021,2.46,2.5,2.5,2.46,2.4935998924803444,59524,148429.04,11/02/2021,2.45
11/02/2021,2.42,2.45,2.45,2.42,2.431952954207596,171535,417165.05,10/02/2021,2.4
10/02/2021,2.33,2.4,2.4,2.33,2.381959199384142,25980,61883.3,09/02/2021,2.42
09/02/2021,2.25,2.42,2.42,2.25,2.3734655447784023,16644676,39505564.99,08/02/2021,2.25
08/02/2021,2.27,2.25,2.27,2.25,2.2544654939106903,44340,99963,05/02/2021,2.25
05/02/2021,2.27,2.25,2.27,2.25,2.2538572913987993,178882,403174.5,03/02/2021,2.27
04/02/2021,,,,,,,,03/02/2021,2.27
03/02/2021,2.23,2.27,2.27,2.23,2.2494748814963033,934570,2102291.74,02/02/2021,2.25
02/02/2021,2.25,2.25,2.25,2.23,2.2361973540543985,738186,1650729.58,01/02/2021,2.25
01/02/2021,2.25,2.25,2.27,2.25,2.2552253681949255,103342,233059.5,29/01/2021,2.25
29/01/2021,2.25,2.25,2.25,2.25,2.25,46068,103653,28/01/2021,2.26
28/01/2021,2.25,2.26,2.27,2.25,2.260330395772467,501096,1132642.52,27/01/2021,2.24
27/01/2021,2.2,2.24,2.24,2.2,2.2281231790925458,2247849,5008484.46,26/01/2021,2.25
26/01/2021,2.25,2.25,2.28,2.2,2.2447354752124706,1068501,2398502.1,25/01/2021,2.25
25/01/2021,2.03,2.25,2.25,2.03,2.2273848901886897,8674152,19320675.1,21/01/2021,2.05
22/01/2021,,,,,2.05,2000,4100,21/01/2021,2.05
21/01/2021,2.05,2.05,2.05,2.05,2.05,24650,50532.5,20/01/2021,2.05
20/01/2021,2.05,2.05,2.05,2.05,2.05,38350,78617.5,19/01/2021,2.05
19/01/2021,2.05,2.05,2.05,2.05,2.046,10000,20460,18/01/2021,2.01
18/01/2021,2.01,2.01,2.01,2.01,2.01,12555,25235.55,15/01/2021,2.01
15/01/2021,2.05,2.01,2.07,2.01,2.020510196711049,415330,839178.5,14/01/2021,2.05
14/01/2021,1.99,2.05,2.06,1.99,2.027620515674964,697067,1413387.35,12/01/2021,1.98
13/01/2021,,,,,2,1556,3112,12/01/2021,1.98
12/01/2021,1.98,1.98,2,1.98,1.9853038524145414,14744,29271.32,08/01/2021,1.98
11/01/2021,,,,,1.9800000000000002,930,1841.4,08/01/2021,1.98
08/01/2021,2,1.98,2.01,1.95,1.9764224902447676,310090,612868.85,07/01/2021,1.98
07/01/2021,1.96,1.98,1.98,1.93,1.9548136042037323,290028,566950.68,06/01/2021,1.98
06/01/2021,1.98,1.98,1.98,1.98,1.98,3000,5940,05/01/2021,1.98
05/01/2021,1.98,1.98,1.98,1.98,1.9786301369863013,4380,8666.4,04/01/2021,1.96
04/01/2021,1.9,1.96,1.96,1.89,1.900014152986443,15053360,28601597.05,31/12/2020,1.85
31/12/2020,1.85,1.85,1.85,1.85,1.8495238095238093,22680,41947.2,30/12/2020,1.85
30/12/2020,1.85,1.85,1.85,1.85,1.8496071044133475,37160,68731.4,29/12/2020,1.8
29/12/2020,1.8,1.8,1.8,1.8,1.8,69620,125316,28/12/2020,1.79
28/12/2020,1.78,1.79,1.8,1.78,1.7891316199376945,10272,18377.96,22/12/2020,1.78
24/12/2020,,,,,,,,22/12/2020,1.78
23/12/2020,,,,,,,,22/12/2020,1.78
22/12/2020,1.78,1.78,1.78,1.78,1.776503691153334,24789,44037.75,21/12/2020,1.78
21/12/2020,1.78,1.78,1.78,1.78,1.78,21000,37380,17/12/2020,1.81
18/12/2020,,,,,1.8,2620,4716,17/12/2020,1.81
17/12/2020,1.85,1.81,1.85,1.81,1.8222979791702913,40231,73312.87,16/12/2020,1.81
16/12/2020,1.8,1.81,1.81,1.8,1.8067552902875745,9215,16649.25,15/12/2020,1.8
15/12/2020,1.8,1.8,1.8,1.8,1.7995007451564828,26840,48298.6,14/12/2020,1.8
14/12/2020,1.8,1.8,1.81,1.79,1.8020963176416585,156856,282669.62,11/12/2020,1.85
11/12/2020,1.85,1.85,1.85,1.85,1.849963436928702,109400,202386,09/12/2020,1.85
10/12/2020,,,,,1.8495483870967742,155,286.68,09/12/2020,1.85
09/12/2020,1.85,1.85,1.86,1.85,1.8503934340802501,46056,85221.72,07/12/2020,1.85
07/12/2020,1.85,1.85,1.85,1.84,1.8498552195775364,191117,353538.78,04/12/2020,1.81
04/12/2020,1.78,1.81,1.81,1.78,1.7963385959966167,35470,63716.13,03/12/2020,1.77
03/12/2020,1.78,1.77,1.78,1.77,1.7721862958619534,29845,52890.9,02/12/2020,1.7
02/12/2020,1.7,1.7,1.7,1.7,1.7,5250,8925,01/12/2020,1.7
01/12/2020,1.7,1.7,1.7,1.7,1.7,4431,7532.7,30/11/2020,1.7
30/11/2020,1.7,1.7,1.7,1.7,1.7,85580,145486,25/11/2020,1.7
27/11/2020,,,,,,,,25/11/2020,1.7
26/11/2020,,,,,,,,25/11/2020,1.7
25/11/2020,1.7,1.7,1.7,1.7,1.7,59362,100915.4,24/11/2020,1.7
24/11/2020,1.69,1.7,1.78,1.69,1.6933883451182556,287090,486154.86,23/11/2020,1.7
23/11/2020,1.7,1.7,1.7,1.7,1.6984275184275184,6512,11060.16,20/11/2020,1.69
20/11/2020,1.69,1.69,1.69,1.69,1.6900000000000002,368718,623133.42,18/11/2020,1.67
19/11/2020,,,,,,,,18/11/2020,1.67
18/11/2020,1.66,1.67,1.67,1.66,1.665221315529179,16176,26936.62,17/11/2020,1.65
17/11/2020,1.65,1.65,1.65,1.65,1.6504705882352941,3825,6313.05,13/11/2020,1.65
16/11/2020,,,,,1.663907649896623,2902,4828.66,13/11/2020,1.65
13/11/2020,1.64,1.65,1.65,1.64,1.6436118234579566,14818,24355.04,12/11/2020,1.65
12/11/2020,1.67,1.65,1.67,1.65,1.6552351623740202,7144,11825,11/11/2020,1.67
11/11/2020,1.67,1.67,1.67,1.67,1.67,4410,7364.7,10/11/2020,1.67
10/11/2020,1.67,1.67,1.67,1.67,1.6694919731761837,9842,16431.14,06/11/2020,1.7
09/11/2020,,,,,,,,06/11/2020,1.7
06/11/2020,1.7,1.7,1.7,1.7,1.7,6300,10710,05/11/2020,1.7
05/11/2020,1.7,1.7,1.7,1.7,1.7,237216,403267.2,03/11/2020,1.69
04/11/2020,,,,,,,,03/11/2020,1.69
03/11/2020,1.7,1.69,1.7,1.69,1.6916641725579236,135653,229479.32,02/11/2020,1.67
02/11/2020,1.67,1.67,1.67,1.67,1.67,14625,24423.75,29/10/2020,1.67
30/10/2020,,,,,,,,29/10/2020,1.67
29/10/2020,1.67,1.67,1.67,1.67,1.67,20000,33400,27/10/2020,1.67
28/10/2020,,,,,,,,27/10/2020,1.67
27/10/2020,1.67,1.67,1.67,1.67,1.67,32350,54024.5,22/10/2020,1.67
26/10/2020,,,,,,,,22/10/2020,1.67
23/10/2020,,,,,1.61,2,3.22,22/10/2020,1.67
22/10/2020,1.67,1.67,1.67,1.66,1.6614836984207844,109928,182643.58,21/10/2020,1.67
21/10/2020,1.67,1.67,1.67,1.67,1.6700000000000002,37890,63276.3,16/10/2020,1.67
20/10/2020,,,,,,,,16/10/2020,1.67
19/10/2020,,,,,,,,16/10/2020,1.67
16/10/2020,1.68,1.67,1.68,1.67,1.6720269464647668,117418,196326.06,14/10/2020,1.7
15/10/2020,,,,,,,,14/10/2020,1.7
14/10/2020,1.7,1.7,1.7,1.7,1.7,301273,512164.1,13/10/2020,1.7
13/10/2020,1.69,1.7,1.7,1.69,1.6989085114278855,91618,155650.6,06/10/2020,1.73
12/10/2020,,,,,,,,06/10/2020,1.73
09/10/2020,,,,,,,,06/10/2020,1.73
08/10/2020,,,,,1.6995223880597015,2010,3416.04,06/10/2020,1.73
07/10/2020,,,,,,,,06/10/2020,1.73
06/10/2020,1.7,1.73,1.73,1.7,1.7297029702970297,1010000,1747000,05/10/2020,1.7
05/10/2020,1.7,1.7,1.7,1.7,1.7,26000,44200,02/10/2020,1.7
02/10/2020,1.7,1.7,1.71,1.7,1.7009398496240602,212800,361960,01/10/2020,1.7
01/10/2020,1.7,1.7,1.7,1.7,1.7,4200,7140,30/09/2020,1.7
30/09/2020,1.65,1.7,1.72,1.65,1.7196421125283767,906989,1559696.48,25/09/2020,1.65
29/09/2020,,,,,1.65,80,132,25/09/2020,1.65
28/09/2020,,,,,1.67,1000,1670,25/09/2020,1.65
25/09/2020,1.65,1.65,1.65,1.65,1.65,263600,434940,23/09/2020,1.65
24/09/2020,,,,,,,,23/09/2020,1.65
23/09/2020,1.63,1.65,1.65,1.63,1.6347756642950488,13774,22517.4,22/09/2020,1.65
22/09/2020,1.65,1.65,1.65,1.65,1.6590895841430235,10292,17075.35,21/09/2020,1.7
21/09/2020,1.7,1.7,1.7,1.7,1.7,11760,19992,18/09/2020,1.74
18/09/2020,1.74,1.74,1.74,1.74,1.74,37522,65288.28,17/09/2020,1.74
17/09/2020,1.74,1.74,1.74,1.74,1.74,19140,33303.6,15/09/2020,1.74
16/09/2020,,,,,1.7395037220843672,1612,2804.08,15/09/2020,1.74
15/09/2020,1.74,1.74,1.74,1.74,1.7399379562043797,27400,47674.3,14/09/2020,1.74
14/09/2020,1.74,1.74,1.74,1.74,1.74,2500,4350,10/09/2020,1.77
11/09/2020,,,,,,,,10/09/2020,1.77
10/09/2020,1.77,1.77,1.77,1.77,1.7405036708212394,5857,10194.13,09/09/2020,1.78
09/09/2020,1.75,1.78,1.78,1.75,1.77484,200000,354968,02/09/2020,1.75
08/09/2020,,,,,,,,02/09/2020,1.75
07/09/2020,,,,,,,,02/09/2020,1.75
04/09/2020,,,,,1.75,100,175,02/09/2020,1.75
03/09/2020,,,,,,,,02/09/2020,1.75
02/09/2020,1.75,1.75,1.75,1.75,1.75,18216,31878,01/09/2020,1.75
01/09/2020,1.75,1.75,1.77,1.75,1.7511587265405364,105288,184376,28/08/2020,1.7
31/08/2020,,,,,,,,28/08/2020,1.7
28/08/2020,1.65,1.7,1.7,1.65,1.6727272727272726,22000,36800,27/08/2020,1.65
27/08/2020,1.65,1.65,1.65,1.65,1.65,3000,4950,25/08/2020,1.65
26/08/2020,,,,,,,,25/08/2020,1.65
25/08/2020,1.65,1.65,1.65,1.65,1.65,15000,24750,24/08/2020,1.65
24/08/2020,1.65,1.65,1.65,1.65,1.65,5000,8250,19/08/2020,1.72
21/08/2020,,,,,,,,19/08/2020,1.72
20/08/2020,,,,,,,,19/08/2020,1.72
19/08/2020,1.7,1.72,1.72,1.69,1.7174539866374245,393038,675024.68,18/08/2020,1.7
18/08/2020,1.7,1.7,1.7,1.7,1.7,3900,6630,17/08/2020,1.72
17/08/2020,1.72,1.72,1.72,1.72,1.7195249017038008,6104,10495.98,14/08/2020,1.72
14/08/2020,1.74,1.72,1.74,1.72,1.7297435897435898,9750,16865,13/08/2020,1.76
13/08/2020,1.76,1.76,1.76,1.76,1.76,14932,26280.32,12/08/2020,1.77
12/08/2020,1.76,1.77,1.77,1.76,1.763835637149028,46300,81665.59,11/08/2020,1.76
11/08/2020,1.77,1.76,1.77,1.76,1.7670273939393941,20625,36444.94,10/08/2020,1.76
10/08/2020,1.76,1.76,1.76,1.76,1.7599999999999998,22259,39175.84,07/08/2020,1.76
07/08/2020,1.76,1.76,1.76,1.76,1.7634767305436059,10228,18036.84,06/08/2020,1.75
06/08/2020,1.8,1.75,1.8,1.75,1.7694321657834648,23211,41070.29,05/08/2020,1.82
05/08/2020,1.7,1.82,1.84,1.7,1.8383839155640718,15936723,29297815.23,31/07/2020,1.75
04/08/2020,,,,,,,,31/07/2020,1.75
03/08/2020,,,,,,,,31/07/2020,1.75
31/07/2020,1.75,1.75,1.75,1.75,1.75,5700,9975,30/07/2020,1.75
30/07/2020,1.75,1.75,1.75,1.75,1.75315804639101,13882,24337.34,29/07/2020,1.76
29/07/2020,1.77,1.76,1.77,1.76,1.7665207383342316,68641,121255.75,27/07/2020,1.77
27/07/2020,1.72,1.77,1.77,1.72,1.7499548912878051,3022476,5289196.66,24/07/2020,1.72
24/07/2020,1.7,1.72,1.72,1.7,1.7191222492956673,210128,361235.72,23/07/2020,1.75
23/07/2020,1.75,1.75,1.75,1.75,1.75,17878,31286.5,22/07/2020,1.75
22/07/2020,1.69,1.75,1.76,1.69,1.7371597029240342,81326,141276.25,21/07/2020,1.69
21/07/2020,1.65,1.69,1.69,1.65,1.6695249406175772,12630,21086.1,20/07/2020,1.64
20/07/2020,1.64,1.64,1.64,1.64,1.6427272727272728,4400,7228,16/07/2020,1.64
17/07/2020,,,,,,,,16/07/2020,1.64
16/07/2020,1.69,1.64,1.69,1.64,1.6493783132355315,551387,909445.76,15/07/2020,1.69
15/07/2020,1.64,1.69,1.69,1.64,1.6867347605150915,98002,165303.38,14/07/2020,1.63
14/07/2020,1.62,1.63,1.63,1.62,1.6216420213449918,77770,126115.1,13/07/2020,1.63
13/07/2020,1.63,1.63,1.63,1.63,1.629522599382828,27545,44885.2,10/07/2020,1.62
10/07/2020,1.63,1.62,1.63,1.62,1.622,25000,40550,09/07/2020,1.63
09/07/2020,1.6,1.63,1.63,1.6,1.6285699199832517,649614,1057941.82,08/07/2020,1.6
08/07/2020,1.6,1.6,1.6,1.6,1.5998341514559404,20983,33569.32,07/07/2020,1.6
07/07/2020,1.6,1.6,1.6,1.6,1.5995632183908046,17400,27832.4,06/07/2020,1.6
06/07/2020,1.59,1.6,1.6,1.59,1.590319638595295,93856,149261.04,02/07/2020,1.59
03/07/2020,,,,,1.5,100,150,02/07/2020,1.59
02/07/2020,1.56,1.59,1.61,1.56,1.5900323087005195,5041676,8016427.73,01/07/2020,1.55
01/07/2020,1.55,1.55,1.55,1.55,1.55,37137,57562.35,24/06/2020,1.55
30/06/2020,,,,,,,,24/06/2020,1.55
26/06/2020,,,,,,,,24/06/2020,1.55
25/06/2020,,,,,,,,24/06/2020,1.55
24/06/2020,1.55,1.55,1.55,1.55,1.5499535931472548,517165,801581.75,23/06/2020,1.54
23/06/2020,1.54,1.54,1.54,1.54,1.5395238095238095,4305,6627.65,19/06/2020,1.54
22/06/2020,,,,,,,,19/06/2020,1.54
19/06/2020,1.57,1.54,1.57,1.54,1.5427770500392979,57255,88331.7,15/06/2020,1.54
18/06/2020,,,,,,,,15/06/2020,1.54
17/06/2020,,,,,,,,15/06/2020,1.54
16/06/2020,,,,,,,,15/06/2020,1.54
15/06/2020,1.54,1.54,1.54,1.54,1.54,9845,15161.3,11/06/2020,1.56
12/06/2020,,,,,1.6008989221069758,4917,7871.62,11/06/2020,1.56
11/06/2020,1.52,1.56,1.56,1.52,1.5357428744693755,8245,12662.2,09/06/2020,1.61
10/06/2020,,,,,,,,09/06/2020,1.61
09/06/2020,1.59,1.61,1.61,1.59,1.6060762942779292,36700,58943,08/06/2020,1.59
08/06/2020,1.59,1.59,1.59,1.59,1.5860437567992265,8273,13121.34,05/06/2020,1.56
05/06/2020,1.53,1.56,1.6,1.53,1.5678813679763304,77399,121352.45,04/06/2020,1.52
04/06/2020,1.52,1.52,1.52,1.52,1.5185154117568735,15021,22809.62,03/06/2020,1.51
03/06/2020,1.51,1.51,1.51,1.51,1.51,4938471,7457091.21,01/06/2020,1.49
02/06/2020,,,,,,,,01/06/2020,1.49
01/06/2020,1.49,1.49,1.49,1.49,1.4895238095238095,10500,15640,29/05/2020,1.49
29/05/2020,1.49,1.49,1.49,1.49,1.49,20000,29800,28/05/2020,1.49
28/05/2020,1.49,1.49,1.49,1.49,1.49,26987,40210.63,27/05/2020,1.45
27/05/2020,1.45,1.45,1.46,1.45,1.4505999777151135,116671,169242.95,22/05/2020,1.41
26/05/2020,,,,,,,,22/05/2020,1.41
25/05/2020,,,,,,,,22/05/2020,1.41
22/05/2020,1.41,1.41,1.41,1.41,1.4095241360394954,7292,10278.25,21/05/2020,1.43
21/05/2020,1.43,1.43,1.43,1.43,1.4300000000000002,6295,9001.85,20/05/2020,1.44
20/05/2020,1.44,1.44,1.44,1.44,1.44,1571562,2263049.28,18/05/2020,1.4
19/05/2020,,,,,,,,18/05/2020,1.4
18/05/2020,1.4,1.4,1.4,1.4,1.4,12000,16800,13/05/2020,1.4
15/05/2020,,,,,,,,13/05/2020,1.4
14/05/2020,,,,,,,,13/05/2020,1.4
13/05/2020,1.41,1.4,1.41,1.4,1.4001455302320742,480450,672699.92,12/05/2020,1.46
12/05/2020,1.44,1.46,1.46,1.44,1.459921998734289,6023492,8793828.48,11/05/2020,1.44
11/05/2020,1.44,1.44,1.44,1.44,1.4400000000000002,66808,96203.52,08/05/2020,1.4
08/05/2020,1.4,1.4,1.4,1.4,1.401784803671596,7844,10995.6,07/05/2020,1.42
07/05/2020,1.41,1.42,1.43,1.41,1.4241526800216568,46175,65760.25,06/05/2020,1.41
06/05/2020,1.37,1.41,1.41,1.37,1.3879988526627784,20918,29034.16,05/05/2020,1.33
05/05/2020,1.33,1.33,1.33,1.33,1.33,25000,33250,29/04/2020,1.3
04/05/2020,,,,,,,,29/04/2020,1.3
30/04/2020,,,,,,,,29/04/2020,1.3
29/04/2020,1.28,1.3,1.3,1.28,1.2850259246456965,14465,18587.9,28/04/2020,1.28
28/04/2020,1.32,1.28,1.32,1.28,1.3056654537435217,54414,71046.48,27/04/2020,1.3
27/04/2020,1.3,1.3,1.3,1.3,1.3,30020,39026,23/04/2020,1.28
24/04/2020,,,,,,,,23/04/2020,1.28
23/04/2020,1.23,1.28,1.28,1.23,1.255017978425889,10012000,12565240,22/04/2020,1.27
22/04/2020,1.27,1.27,1.27,1.27,1.27,75000,95250,21/04/2020,1.27
21/04/2020,1.27,1.27,1.27,1.27,1.27,5000,6350,20/04/2020,1.29
20/04/2020,1.29,1.29,1.29,1.29,1.29,9500,12255,17/04/2020,1.27
17/04/2020,1.25,1.27,1.27,1.25,1.2572727272727273,55000,69150,15/04/2020,1.23
16/04/2020,,,,,,,,15/04/2020,1.23
15/04/2020,1.23,1.23,1.23,1.23,1.23,20000,24600,08/04/2020,1.23
14/04/2020,,,,,,,,08/04/2020,1.23
13/04/2020,,,,,,,,08/04/2020,1.23
08/04/2020,1.23,1.23,1.23,1.23,1.23,18300,22509,07/04/2020,1.23
07/04/2020,1.23,1.23,1.23,1.2,1.2087662337662337,40040,48399,06/04/2020,1.2
06/04/2020,1.24,1.2,1.24,1.2,1.2195850300562343,51570,62894,03/04/2020,1.23
03/04/2020,1.28,1.23,1.28,1.16,1.2366035115404848,3117720,3855383.5,02/04/2020,1.32
02/04/2020,1.32,1.32,1.32,1.32,1.32,10000,13200,01/04/2020,1.32
01/04/2020,1.32,1.32,1.32,1.32,1.3195,20000,26390,31/03/2020,1.3
31/03/2020,1.32,1.3,1.32,1.3,1.319629386736036,821881,1084578.32,27/03/2020,1.29
30/03/2020,,,,,,,,27/03/2020,1.29
27/03/2020,1.29,1.29,1.29,1.29,1.29,26790,34559.1,26/03/2020,1.3
26/03/2020,1.3,1.3,1.3,1.3,1.3,78934,102614.2,25/03/2020,1.3
25/03/2020,1.33,1.3,1.33,1.3,1.3004009253854687,10135452,13180151.16,24/03/2020,1.34
24/03/2020,1.36,1.34,1.36,1.34,1.3572126212509756,35876,48691.36,19/03/2020,1.36
23/03/2020,,,,,,,,19/03/2020,1.36
20/03/2020,,,,,,,,19/03/2020,1.36
19/03/2020,1.36,1.36,1.36,1.36,1.36,1050984,1429338.24,18/03/2020,1.36
18/03/2020,1.36,1.36,1.36,1.36,1.36,91600,124576,17/03/2020,1.36
17/03/2020,1.43,1.36,1.43,1.36,1.386881106739809,54141,75087.13,13/03/2020,1.49
16/03/2020,,,,,,,,13/03/2020,1.49
13/03/2020,1.43,1.49,1.49,1.43,1.4635419470835012,101783,148963.69,12/03/2020,1.43
12/03/2020,1.45,1.43,1.45,1.43,1.4429342230978321,135017,194820.65,11/03/2020,1.48
11/03/2020,1.44,1.48,1.48,1.44,1.4597552100562357,30230,44128.4,10/03/2020,1.48
10/03/2020,1.48,1.48,1.48,1.48,1.473287544730463,8663,12763.09,09/03/2020,1.41
09/03/2020,1.45,1.41,1.45,1.4,1.4313203395158753,114516,163909.08,05/03/2020,1.5
06/03/2020,,,,,1.45,2700,3915,05/03/2020,1.5
05/03/2020,1.52,1.5,1.52,1.5,1.5070014722722067,61130,92123,04/03/2020,1.52
04/03/2020,1.53,1.52,1.53,1.52,1.5235100035100035,8547,13021.44,03/03/2020,1.52
03/03/2020,1.5,1.52,1.54,1.5,1.534147164416897,458195,702938.56,02/03/2020,1.5
02/03/2020,1.49,1.5,1.51,1.49,1.4985292469845768,276661,414584.6,28/02/2020,1.48
28/02/2020,1.51,1.48,1.51,1.48,1.4800228562954798,12731722,18843239.56,27/02/2020,1.52
27/02/2020,1.58,1.52,1.58,1.52,1.5224451386952391,634737,966352.26,26/02/2020,1.58
26/02/2020,1.58,1.58,1.58,1.58,1.58,13500,21330,25/02/2020,1.6
25/02/2020,1.6,1.6,1.6,1.6,1.6,43700,69920,24/02/2020,1.61
24/02/2020,1.61,1.61,1.61,1.61,1.6158823529411765,8500,13735,21/02/2020,1.64
21/02/2020,1.64,1.64,1.64,1.64,1.6400000000000001,10230,16777.2,20/02/2020,1.66
20/02/2020,1.65,1.66,1.66,1.65,1.6503863490019317,155300,256305,19/02/2020,1.66
19/02/2020,1.66,1.66,1.66,1.65,1.6574706266318537,30640,50784.9,18/02/2020,1.66
18/02/2020,1.65,1.66,1.66,1.65,1.6562057237727579,372237,616501.05,17/02/2020,1.65
17/02/2020,1.65,1.65,1.65,1.65,1.65,63200,104280,14/02/2020,1.65
14/02/2020,1.65,1.65,1.65,1.65,1.65,187000,308550,13/02/2020,1.65
13/02/2020,1.65,1.65,1.65,1.65,1.6496284209505963,309490,510543.5,12/02/2020,1.65
12/02/2020,1.64,1.65,1.65,1.64,1.644132207355329,171821,282496.44,11/02/2020,1.65
11/02/2020,1.65,1.65,1.65,1.65,1.6500000000000001,83098,137111.7,10/02/2020,1.65
10/02/2020,1.65,1.65,1.65,1.65,1.65,10062,16602.3,07/02/2020,1.65
07/02/2020,1.65,1.65,1.65,1.65,1.65,21000,34650,06/02/2020,1.65
06/02/2020,1.64,1.65,1.65,1.64,1.6441566666666667,27000,44392.23,05/02/2020,1.65
05/02/2020,1.65,1.65,1.65,1.65,1.6500000000000001,49232,81232.8,04/02/2020,1.64
04/02/2020,1.65,1.64,1.65,1.64,1.6408116878147336,130666,214398.3,03/02/2020,1.6
03/02/2020,1.6,1.6,1.6,1.6,1.5999999999999999,59452,95123.2,31/01/2020,1.65
31/01/2020,1.65,1.65,1.65,1.65,1.65,10000,16500,30/01/2020,1.64
30/01/2020,1.66,1.64,1.66,1.64,1.6487339333333333,150000,247310.09,29/01/2020,1.66
29/01/2020,1.66,1.66,1.66,1.66,1.6606275088064224,73242,121627.68,28/01/2020,1.7
28/01/2020,1.7,1.7,1.7,1.7,1.7,95970,163149,27/01/2020,1.7
27/01/2020,1.75,1.7,1.75,1.7,1.7317531078150414,413152,715477.26,24/01/2020,1.77
24/01/2020,1.78,1.77,1.8,1.77,1.7819824213499316,316179,563425.42,23/01/2020,1.79
23/01/2020,1.85,1.79,1.85,1.79,1.8462588303737153,433164,799732.86,22/01/2020,1.85
22/01/2020,1.8,1.85,1.85,1.8,1.8030595077492628,254992,459765.75,21/01/2020,1.8
21/01/2020,1.78,1.8,1.8,1.78,1.7919333903665318,285214,511084.49,20/01/2020,1.78
20/01/2020,1.66,1.78,1.78,1.66,1.7033292976352854,261004,444575.76,17/01/2020,1.65
17/01/2020,1.63,1.65,1.65,1.63,1.640009765625,8192,13434.96,16/01/2020,1.62
16/01/2020,1.6,1.62,1.62,1.6,1.6057142857142856,17500,28100,15/01/2020,1.6
15/01/2020,1.6,1.6,1.6,1.6,1.6,751226,1201961.6,14/01/2020,1.6
14/01/2020,1.58,1.6,1.6,1.58,1.5836930883726312,120999,191625.28,13/01/2020,1.57
13/01/2020,1.58,1.57,1.58,1.57,1.5756698173900134,161656,254716.48,10/01/2020,1.57
10/01/2020,1.57,1.57,1.57,1.57,1.57,61500,96555,09/01/2020,1.57
09/01/2020,1.57,1.57,1.57,1.57,1.5747693705975916,8802,13861.12,08/01/2020,1.55
08/01/2020,1.55,1.55,1.55,1.55,1.5599564368334082,6657,10384.63,07/01/2020,1.55
07/01/2020,1.55,1.55,1.55,1.55,1.55,500000,775000,06/01/2020,1.55
06/01/2020,1.54,1.55,1.56,1.54,1.5402096273444774,2031796,3129391.76,26/12/2019,1.56
03/01/2020,,,,,,,,26/12/2019,1.56
02/01/2020,,,,,,,,26/12/2019,1.56
31/12/2019,,,,,,,,26/12/2019,1.56
30/12/2019,,,,,1.56,3000,4680,26/12/2019,1.56
27/12/2019,,,,,,,,26/12/2019,1.56
26/12/2019,1.59,1.56,1.59,1.56,1.5753333333333333,45000,70890,23/12/2019,1.58
24/12/2019,,,,,,,,23/12/2019,1.58
23/12/2019,1.56,1.58,1.58,1.56,1.5746502092765013,93656,147475.44,19/12/2019,1.56
20/12/2019,,,,,,,,19/12/2019,1.56
19/12/2019,1.56,1.56,1.56,1.56,1.56,18500,28860,18/12/2019,1.56
18/12/2019,1.56,1.56,1.56,1.56,1.56,4000,6240,13/12/2019,1.58
17/12/2019,,,,,,,,13/12/2019,1.58
16/12/2019,,,,,,,,13/12/2019,1.58
13/12/2019,1.58,1.58,1.58,1.58,1.5678276141583356,7402,11605.06,12/12/2019,1.58
12/12/2019,1.55,1.58,1.58,1.55,1.5679012743990965,74388,116633.04,11/12/2019,1.61
11/12/2019,1.48,1.61,1.61,1.48,1.4946898831321078,661944,989401,10/12/2019,1.45
10/12/2019,1.45,1.45,1.45,1.45,1.45,19630,28463.5,09/12/2019,1.42
09/12/2019,1.42,1.42,1.42,1.42,1.42,16000,22720,06/12/2019,1.42
06/12/2019,1.42,1.42,1.42,1.42,1.42,236464,335778.88,05/12/2019,1.41
05/12/2019,1.41,1.41,1.41,1.41,1.41,19622,27667.02,04/12/2019,1.41
04/12/2019,1.42,1.41,1.42,1.41,1.4196959465726742,107810,153057.42,03/12/2019,1.42
03/12/2019,1.44,1.42,1.44,1.42,1.4363573973868287,37885,54416.4,02/12/2019,1.48
02/12/2019,1.48,1.48,1.48,1.48,1.48,15000,22200,27/11/2019,1.48
29/11/2019,,,,,,,,27/11/2019,1.48
28/11/2019,,,,,1.45,2595,3762.75,27/11/2019,1.48
27/11/2019,1.48,1.48,1.48,1.45,1.4757194286102064,294720,434924.03,26/11/2019,1.48
26/11/2019,1.48,1.48,1.48,1.48,1.4800000000000002,1782239,2637713.72,25/11/2019,1.48
25/11/2019,1.48,1.48,1.48,1.48,1.48,19600,29008,22/11/2019,1.48
22/11/2019,1.48,1.48,1.48,1.48,1.48,10000,14800,21/11/2019,1.5
21/11/2019,1.5,1.5,1.5,1.5,1.4969767441860466,7955,11908.45,20/11/2019,1.5
20/11/2019,1.5,1.5,1.5,1.5,1.5,3535540,5303310,19/11/2019,1.48
19/11/2019,1.48,1.48,1.48,1.48,1.48,35326,52282.48,15/11/2019,1.48
18/11/2019,,,,,,,,15/11/2019,1.48
15/11/2019,1.48,1.48,1.48,1.48,1.48,7725,11433,14/11/2019,1.48
14/11/2019,1.48,1.48,1.48,1.48,1.48,139712,206773.76,12/11/2019,1.48
13/11/2019,,,,,,,,12/11/2019,1.48
12/11/2019,1.48,1.48,1.48,1.48,1.48,578334,855934.32,11/11/2019,1.48
11/11/2019,1.5,1.48,1.5,1.48,1.4876724953314093,164932,245364.8,08/11/2019,1.49
08/11/2019,1.5,1.49,1.5,1.49,1.4998069548888675,569815,854612.5,07/11/2019,1.53
07/11/2019,1.52,1.53,1.53,1.5,1.5019090401266175,429640,645280.2,06/11/2019,1.53
06/11/2019,1.53,1.53,1.53,1.53,1.53,32280,49388.4,05/11/2019,1.53
05/11/2019,1.53,1.53,1.53,1.53,1.5299999999999998,21640,33109.2,04/11/2019,1.49
04/11/2019,1.44,1.49,1.49,1.44,1.4796859388867758,78870,116702.83,30/10/2019,1.44
31/10/2019,,,,,,,,30/10/2019,1.44
30/10/2019,1.44,1.44,1.44,1.44,1.440909090909091,11000,15850,29/10/2019,1.45
29/10/2019,1.46,1.45,1.46,1.45,1.4530869308101715,16910,24571.7,25/10/2019,1.44
28/10/2019,,,,,1.4605555555555554,5760,8412.8,25/10/2019,1.44
25/10/2019,1.44,1.44,1.44,1.44,1.44,97450,140328,24/10/2019,1.44
24/10/2019,1.44,1.44,1.44,1.44,1.440410113396354,292602,421466.88,23/10/2019,1.44
23/10/2019,1.44,1.44,1.44,1.44,1.44,222000,319680,22/10/2019,1.44
22/10/2019,1.44,1.44,1.44,1.44,1.44,189443,272797.92,21/10/2019,1.44
21/10/2019,1.44,1.44,1.44,1.44,1.44,119220,171676.8,11/10/2019,1.44
18/10/2019,,,,,,,,11/10/2019,1.44
17/10/2019,,,,,,,,11/10/2019,1.44
16/10/2019,,,,,1.39,2300,3197,11/10/2019,1.44
15/10/2019,,,,,1.4000000000000001,2227,3117.8,11/10/2019,1.44
14/10/2019,,,,,,,,11/10/2019,1.44
11/10/2019,1.45,1.44,1.45,1.44,1.440214063001044,1465690,2110907.35,10/10/2019,1.45
10/10/2019,1.45,1.45,1.45,1.45,1.45,92905,134712.25,07/10/2019,1.45
09/10/2019,,,,,1.4,2700,3780,07/10/2019,1.45
07/10/2019,1.45,1.45,1.45,1.45,1.45,3600,5220,30/09/2019,1.45
04/10/2019,,,,,1.46,1400,2044,30/09/2019,1.45
03/10/2019,,,,,,,,30/09/2019,1.45
02/10/2019,,,,,1.42,4123,5854.66,30/09/2019,1.45
01/10/2019,,,,,,,,30/09/2019,1.45
30/09/2019,1.45,1.45,1.45,1.45,1.45,4000,5800,27/09/2019,1.48
27/09/2019,1.43,1.48,1.5,1.43,1.47132112953538,243640,358472.68,24/09/2019,1.45
26/09/2019,,,,,1.4206045949214026,8270,11748.4,24/09/2019,1.45
25/09/2019,,,,,1.4,2500,3500,24/09/2019,1.45
24/09/2019,1.45,1.45,1.45,1.45,1.4466666666666668,18000,26040,19/09/2019,1.45
23/09/2019,,,,,,,,19/09/2019,1.45
20/09/2019,,,,,,,,19/09/2019,1.45
19/09/2019,1.47,1.45,1.47,1.45,1.4536582530720692,12044,17507.86,17/09/2019,1.48
18/09/2019,,,,,,,,17/09/2019,1.48
17/09/2019,1.48,1.48,1.48,1.48,1.48,341370,505227.6,16/09/2019,1.48
16/09/2019,1.48,1.48,1.48,1.48,1.48,90000,133200,13/09/2019,1.48
13/09/2019,1.48,1.48,1.48,1.48,1.48,7389,10935.72,12/09/2019,1.48
12/09/2019,1.48,1.48,1.48,1.48,1.48,22400,33152,11/09/2019,1.48
11/09/2019,1.48,1.48,1.48,1.48,1.48,15680,23206.4,10/09/2019,1.48
10/09/2019,1.48,1.48,1.48,1.48,1.48,94517,139885.16,09/09/2019,1.48
09/09/2019,1.48,1.48,1.48,1.48,1.48,116650,172642,06/09/2019,1.48
06/09/2019,1.48,1.48,1.48,1.48,1.48,231640,342827.2,05/09/2019,1.48
05/09/2019,1.48,1.48,1.5,1.48,1.4828053113895643,21388,31714.24,04/09/2019,1.45
04/09/2019,1.43,1.45,1.45,1.43,1.4493370458764252,241344,349788.8,03/09/2019,1.45
03/09/2019,1.45,1.45,1.45,1.41,1.4288257940327238,18702,26721.9,28/08/2019,1.45
02/09/2019,,,,,1.44,620,892.8,28/08/2019,1.45
29/08/2019,,,,,,,,28/08/2019,1.45
28/08/2019,1.45,1.45,1.45,1.45,1.45,6808,9871.6,27/08/2019,1.43
27/08/2019,1.44,1.43,1.44,1.43,1.430031650544231,947851,1355456.93,26/08/2019,1.45
26/08/2019,1.47,1.45,1.47,1.45,1.4630875576036866,21700,31749,23/08/2019,1.47
23/08/2019,1.5,1.47,1.5,1.47,1.4825,12000,17790,16/08/2019,1.53
22/08/2019,,,,,,,,16/08/2019,1.53
21/08/2019,,,,,,,,16/08/2019,1.53
20/08/2019,,,,,,,,16/08/2019,1.53
19/08/2019,,,,,,,,16/08/2019,1.53
16/08/2019,1.52,1.53,1.53,1.52,1.52664362275639,31534,48141.18,14/08/2019,1.54
15/08/2019,,,,,,,,14/08/2019,1.54
14/08/2019,1.54,1.54,1.54,1.53,1.5321083425804498,99130,151877.9,12/08/2019,1.55
13/08/2019,,,,,1.54,3500,5390,12/08/2019,1.55
12/08/2019,1.55,1.55,1.55,1.55,1.55,5130,7951.5,08/08/2019,1.55
09/08/2019,,,,,1.55,2500,3875,08/08/2019,1.55
08/08/2019,1.5,1.55,1.55,1.5,1.5491862330942792,305370,473075,07/08/2019,1.5
07/08/2019,1.49,1.5,1.5,1.49,1.4906335262068675,47354,70587.46,06/08/2019,1.5
06/08/2019,1.5,1.5,1.5,1.5,1.5008030212681376,60372,90606.48,05/08/2019,1.55
05/08/2019,1.55,1.55,1.55,1.55,1.5487947692007418,81976,126964,02/08/2019,1.55
02/08/2019,1.55,1.55,1.55,1.54,1.548319185059423,76570,118554.8,01/08/2019,1.55
01/08/2019,1.57,1.55,1.57,1.55,1.5586221142162817,8230,12827.46,30/07/2019,1.62
31/07/2019,,,,,,,,30/07/2019,1.62
30/07/2019,1.65,1.62,1.65,1.62,1.6479486002753556,108950,179544,25/07/2019,1.69
26/07/2019,,,,,,,,25/07/2019,1.69
25/07/2019,1.69,1.69,1.69,1.69,1.69,9500,16055,22/07/2019,1.7
24/07/2019,,,,,,,,22/07/2019,1.7
23/07/2019,,,,,,,,22/07/2019,1.7
22/07/2019,1.68,1.7,1.7,1.68,1.6922703194443127,422108,714320.84,19/07/2019,1.65
19/07/2019,1.65,1.65,1.65,1.65,1.6500000000000001,121033,199704.45,18/07/2019,1.6
18/07/2019,1.6,1.6,1.6,1.6,1.5999999999999999,8808,14092.8,17/07/2019,1.6
17/07/2019,1.6,1.6,1.6,1.6,1.6,10000,16000,16/07/2019,1.6
16/07/2019,1.6,1.6,1.6,1.6,1.6,7885,12616,15/07/2019,1.61
15/07/2019,1.59,1.61,1.61,1.59,1.606867469879518,41500,66685,12/07/2019,1.59
12/07/2019,1.65,1.59,1.65,1.59,1.6402162999432972,144614,237198.24,11/07/2019,1.59
11/07/2019,1.64,1.59,1.64,1.59,1.638562773341893,124615,204189.5,10/07/2019,1.6
10/07/2019,1.6,1.6,1.6,1.6,1.5990718181818182,110000,175897.9,09/07/2019,1.65
09/07/2019,1.65,1.65,1.65,1.65,1.6490990561540662,52445,86487,08/07/2019,1.64
08/07/2019,1.64,1.64,1.64,1.64,1.64,17700,29028,05/07/2019,1.65
05/07/2019,1.65,1.65,1.65,1.65,1.65,63813,105291.45,04/07/2019,1.65
04/07/2019,1.7,1.65,1.7,1.65,1.6532054281703323,64110,105987,03/07/2019,1.68
03/07/2019,1.68,1.68,1.68,1.67,1.6731827035449942,51340,85901.2,02/07/2019,1.67
02/07/2019,1.68,1.67,1.69,1.67,1.6772479462799113,218019,365671.92,01/07/2019,1.7
01/07/2019,1.68,1.7,1.7,1.68,1.6872654542275074,22874,38594.51,28/06/2019,1.7
28/06/2019,1.7,1.7,1.7,1.7,1.696216500262743,19030,32279,27/06/2019,1.72
27/06/2019,1.68,1.72,1.72,1.68,1.7190354117214208,1040983,1789486.64,26/06/2019,1.68
26/06/2019,1.68,1.68,1.68,1.68,1.68,109600,184128,25/06/2019,1.68
25/06/2019,1.67,1.68,1.68,1.67,1.6715465183043934,151521,253274.4,24/06/2019,1.67
24/06/2019,1.66,1.67,1.67,1.66,1.6668021041175403,154364,257294.24,21/06/2019,1.66
21/06/2019,1.66,1.66,1.66,1.66,1.66,20000,33200,20/06/2019,1.65
20/06/2019,1.65,1.65,1.65,1.65,1.65,88800,146520,19/06/2019,1.65
19/06/2019,1.65,1.65,1.65,1.65,1.6500000000000001,41382,68280.3,18/06/2019,1.65
18/06/2019,1.65,1.65,1.65,1.65,1.651,20000,33020,17/06/2019,1.67
17/06/2019,1.67,1.67,1.67,1.67,1.6702159547358875,46306,77341.02,14/06/2019,1.7
14/06/2019,1.7,1.7,1.7,1.7,1.7,2750,4675,11/06/2019,1.68
13/06/2019,,,,,,,,11/06/2019,1.68
12/06/2019,,,,,,,,11/06/2019,1.68
11/06/2019,1.68,1.68,1.68,1.68,1.6800000000000002,185280,311270.4,10/06/2019,1.68
10/06/2019,1.68,1.68,1.68,1.68,1.6800000000000002,566960,952492.8,07/06/2019,1.65
07/06/2019,1.61,1.65,1.65,1.61,1.638880063542494,12590,20633.5,04/06/2019,1.58
06/06/2019,,,,,,,,04/06/2019,1.58
05/06/2019,,,,,,,,04/06/2019,1.58
04/06/2019,1.56,1.58,1.58,1.56,1.5610679255436246,204415,319105.7,03/06/2019,1.55
03/06/2019,1.55,1.55,1.55,1.55,1.5512196774630709,14758,22892.9,31/05/2019,1.58
31/05/2019,1.58,1.58,1.58,1.58,1.58,7013500,11081330,29/05/2019,1.64
30/05/2019,,,,,1.55,500,775,29/05/2019,1.64
29/05/2019,1.64,1.64,1.64,1.64,1.6400083033490174,1806500,2962675,28/05/2019,1.64
28/05/2019,1.64,1.64,1.64,1.64,1.6400000000000001,42544,69772.16,27/05/2019,1.64
27/05/2019,1.57,1.64,1.64,1.56,1.5746349519426444,255528,402363.32,22/05/2019,1.68
24/05/2019,,,,,1.66,1000,1660,22/05/2019,1.68
23/05/2019,,,,,,,,22/05/2019,1.68
22/05/2019,1.67,1.68,1.68,1.67,1.6799950062421973,8010000,13456760,21/05/2019,1.73
21/05/2019,1.74,1.73,1.74,1.73,1.733872408658802,17462,30276.88,20/05/2019,1.73
20/05/2019,1.73,1.73,1.73,1.73,1.7303838815538428,13103,22673.22,17/05/2019,1.75
17/05/2019,1.66,1.75,1.75,1.66,1.7274372991256262,142502,246163.27,16/05/2019,1.65
16/05/2019,1.65,1.65,1.65,1.65,1.65,27500,45375,15/05/2019,1.6
15/05/2019,1.6,1.6,1.6,1.6,1.6,35758,57212.8,14/05/2019,1.6
14/05/2019,1.6,1.6,1.6,1.6,1.6,6457,10331.2,13/05/2019,1.57
13/05/2019,1.57,1.57,1.57,1.57,1.5699999999999998,19055,29916.35,10/05/2019,1.6
10/05/2019,1.53,1.6,1.6,1.53,1.5695207222280319,114756,180111.92,08/05/2019,1.6
09/05/2019,,,,,,,,08/05/2019,1.6
08/05/2019,1.6,1.6,1.6,1.6,1.6066310160427808,7480,12017.6,07/05/2019,1.64
07/05/2019,1.64,1.64,1.64,1.64,1.64,30000,49200,06/05/2019,1.64
06/05/2019,1.64,1.64,1.64,1.64,1.6399957353045704,42207,69219.3,03/05/2019,1.65
03/05/2019,1.65,1.65,1.65,1.65,1.65,29370,48460.5,02/05/2019,1.65
02/05/2019,1.67,1.65,1.67,1.65,1.651443563239006,457202,755043.3,30/04/2019,1.66
30/04/2019,1.66,1.66,1.66,1.66,1.66,154784,256941.44,29/04/2019,1.66
29/04/2019,1.68,1.66,1.68,1.66,1.6792590695432084,265504,445850,26/04/2019,1.7
26/04/2019,1.65,1.7,1.7,1.65,1.6835187853653395,28453,47901.16,25/04/2019,1.65
25/04/2019,1.65,1.65,1.65,1.65,1.65,15080,24882,24/04/2019,1.69
24/04/2019,1.69,1.69,1.69,1.69,1.69,100000,169000,23/04/2019,1.7
23/04/2019,1.7,1.7,1.7,1.69,1.690608594388322,3194410,5400497,16/04/2019,1.75
22/04/2019,,,,,,,,16/04/2019,1.75
17/04/2019,,,,,1.74,477,829.98,16/04/2019,1.75
16/04/2019,1.75,1.75,1.75,1.75,1.75,12250,21437.5,12/04/2019,1.79
15/04/2019,,,,,,,,12/04/2019,1.79
12/04/2019,1.73,1.79,1.79,1.73,1.750950955357929,11357,19885.55,11/04/2019,1.73
11/04/2019,1.73,1.73,1.73,1.73,1.7296484843472146,48362,83649.26,10/04/2019,1.75
10/04/2019,1.75,1.75,1.75,1.75,1.75,54523,95415.25,09/04/2019,1.79
09/04/2019,1.79,1.79,1.79,1.79,1.7900370660401985,38310,68576.32,05/04/2019,1.79
08/04/2019,,,,,,,,05/04/2019,1.79
05/04/2019,1.76,1.79,1.82,1.76,1.7961191271114165,343549,617054.93,04/04/2019,1.76
04/04/2019,1.76,1.76,1.76,1.76,1.76,171680,302156.8,03/04/2019,1.76
03/04/2019,1.76,1.76,1.76,1.76,1.76,7890900,13887984,02/04/2019,1.76
02/04/2019,1.76,1.76,1.76,1.76,1.7595744680851064,18800,33080,01/04/2019,1.75
01/04/2019,1.75,1.75,1.75,1.75,1.75,52730,92277.5,29/03/2019,1.73
29/03/2019,1.73,1.73,1.73,1.73,1.733467874000578,10381,17995.13,28/03/2019,1.75
28/03/2019,1.75,1.75,1.75,1.75,1.75,9500,16625,27/03/2019,1.79
27/03/2019,1.71,1.79,1.79,1.71,1.7669192461086716,332727,587901.74,26/03/2019,1.71
26/03/2019,1.71,1.71,1.71,1.71,1.71,62133,106247.43,25/03/2019,1.71
25/03/2019,1.71,1.71,1.71,1.71,1.71,30000,51300,20/03/2019,1.76
22/03/2019,,,,,1.7,2000,3400,20/03/2019,1.76
21/03/2019,,,,,,,,20/03/2019,1.76
20/03/2019,1.76,1.76,1.76,1.76,1.76,121074,213090.24,19/03/2019,1.76
19/03/2019,1.73,1.76,1.77,1.73,1.7531571789286604,184554,323552.17,18/03/2019,1.73
18/03/2019,1.75,1.73,1.75,1.73,1.7488333566662,257148,449709,15/03/2019,1.73
15/03/2019,1.69,1.73,1.73,1.69,1.7170214522647276,138074,237076.02,14/03/2019,1.69
14/03/2019,1.69,1.69,1.69,1.69,1.69,14889,25162.41,13/03/2019,1.75
13/03/2019,1.78,1.75,1.78,1.75,1.777059673694405,134230,238534.72,12/03/2019,1.75
12/03/2019,1.71,1.75,1.75,1.7,1.7207433082345163,266148,457972.39,11/03/2019,1.7
11/03/2019,1.73,1.7,1.73,1.7,1.712007697790449,210450,360292.02,08/03/2019,1.67
08/03/2019,1.76,1.75,1.76,1.75,1.7527027027027027,37000,64850,07/03/2019,1.76
07/03/2019,1.74,1.76,1.78,1.74,1.759917657969647,559617,984879.84,06/03/2019,1.74
06/03/2019,1.7,1.74,1.74,1.7,1.7211264469636207,167074,287555.48,05/03/2019,1.72
05/03/2019,1.73,1.72,1.73,1.7,1.7165675828684472,314414,539712.88,04/03/2019,1.73
04/03/2019,1.75,1.73,1.75,1.73,1.7353348833050166,111830,194062.5,28/02/2019,1.8
01/03/2019,,,,,,,,28/02/2019,1.8
28/02/2019,1.7,1.8,1.8,1.7,1.7903848591038127,3774836,6758409.22,25/02/2019,1.75
27/02/2019,,,,,,,,25/02/2019,1.75
26/02/2019,,,,,,,,25/02/2019,1.75
25/02/2019,1.76,1.75,1.76,1.75,1.7530288461538461,83200,145852,22/02/2019,1.76
22/02/2019,1.7,1.76,1.76,1.7,1.7420797575466604,133304,232226.2,21/02/2019,1.7
21/02/2019,1.7,1.7,1.7,1.7,1.7000000000000002,20084268,34143255.6,20/02/2019,1.65
20/02/2019,1.63,1.65,1.66,1.63,1.6532698829014996,15098400,24961730,19/02/2019,1.6
19/02/2019,1.6,1.6,1.6,1.58,1.5841980792316928,83300,131963.7,15/02/2019,1.58
18/02/2019,,,,,,,,15/02/2019,1.58
15/02/2019,1.6,1.58,1.6,1.58,1.585725737188663,31437,49850.46,13/02/2019,1.6
14/02/2019,,,,,,,,13/02/2019,1.6
13/02/2019,1.57,1.6,1.6,1.57,1.581461267284052,109494,173160.52,12/02/2019,1.54
12/02/2019,1.54,1.54,1.54,1.54,1.5399999999999998,472224,727224.96,11/02/2019,1.49
11/02/2019,1.49,1.49,1.49,1.49,1.49,10000,14900,08/02/2019,1.49
08/02/2019,1.49,1.49,1.49,1.49,1.4907246376811594,20700,30858,07/02/2019,1.49
07/02/2019,1.47,1.49,1.49,1.47,1.4885293079511495,169988,253032.12,06/02/2019,1.47
06/02/2019,1.49,1.47,1.49,1.47,1.4784258060963185,36317,53691.99,05/02/2019,1.48
05/02/2019,1.49,1.48,1.49,1.48,1.4879310344827585,145000,215750,04/02/2019,1.48
04/02/2019,1.48,1.48,1.48,1.48,1.4799999999999998,95171,140853.08,01/02/2019,1.48
01/02/2019,1.48,1.48,1.48,1.48,1.48,242432,358799.36,31/01/2019,1.48
31/01/2019,1.45,1.48,1.48,1.45,1.4643663037783081,68708,100613.68,30/01/2019,1.45
30/01/2019,1.45,1.45,1.45,1.45,1.45,10000,14500,29/01/2019,1.45
29/01/2019,1.47,1.45,1.47,1.45,1.4637669296026192,13438,19670.1,25/01/2019,1.48
28/01/2019,,,,,,,,25/01/2019,1.48
25/01/2019,1.48,1.48,1.48,1.48,1.4798091165915859,209552,310096.96,24/01/2019,1.47
24/01/2019,1.46,1.47,1.47,1.46,1.4616242599465619,123133,179974.18,22/01/2019,1.45
23/01/2019,,,,,,,,22/01/2019,1.45
22/01/2019,1.45,1.45,1.46,1.45,1.4536584588263974,53323,77513.43,21/01/2019,1.45
21/01/2019,1.46,1.45,1.46,1.45,1.4510952902519167,26477,38420.65,17/01/2019,1.48
18/01/2019,,,,,,,,17/01/2019,1.48
17/01/2019,1.48,1.48,1.48,1.48,1.48,580130,858592.4,15/01/2019,1.45
16/01/2019,,,,,1.47,2153,3164.91,15/01/2019,1.45
15/01/2019,1.45,1.45,1.45,1.45,1.45,54967,79702.15,14/01/2019,1.41
14/01/2019,1.41,1.41,1.41,1.41,1.41,3000,4230,10/01/2019,1.41
11/01/2019,,,,,1.4000000000000001,1203,1684.2,10/01/2019,1.41
10/01/2019,1.43,1.41,1.43,1.41,1.4273001745009164,91117,130051.31,09/01/2019,1.48
09/01/2019,1.5,1.48,1.5,1.48,1.4924314096499527,10570,15775,08/01/2019,1.37
08/01/2019,1.37,1.37,1.37,1.37,1.37,729948,1000028.76,07/01/2019,1.37
07/01/2019,1.37,1.37,1.37,1.37,1.3699999999999999,11706,16037.22,04/01/2019,1.37
04/01/2019,1.36,1.37,1.37,1.36,1.3653321876342615,25603,34956.6,03/01/2019,1.38
03/01/2019,1.38,1.38,1.38,1.38,1.38,6500,8970,02/01/2019,1.38
02/01/2019,1.38,1.38,1.38,1.38,1.3799656401863218,1746226,2409731.88,28/12/2018,1.38
